Time,index A,index B,index C,index D
2022/1/25 0:50,79.08,23.52,12.41,17.86
2022/1/25 1:50,79.29,22.94,11.72,17.86
2022/1/25 2:50,79.95,21.42,10.68,17.63
2022/1/25 3:50,80.2,21.2,10.16,16.92
2022/1/25 4:50,80.38,20.75,10.16,15.75
2022/1/25 5:50,79.75,23.3,11.55,15.84
2022/1/25 6:50,79.27,23.48,11.89,14.91
2022/1/25 7:50,79.24,24.24,12.07,17.05
2022/1/25 8:50,78.57,23.79,12.07,21.17
2022/1/25 9:50,78.64,23.03,11.55,19.96
2022/1/25 10:50,79.11,22.9,11.55,20.85
2022/1/25 11:50,78.83,23.03,11.2,19.51
2022/1/25 12:50,78.74,23.03,11.37,17.86
2022/1/25 13:50,78.98,22.76,11.03,17.54
2022/1/25 14:50,79.21,22.54,10.85,18.08
2022/1/25 15:50,78.39,23.84,11.55,15.58
2022/1/25 16:50,78.39,24.28,11.55,15.75
2022/1/25 17:50,79.22,23.3,11.03,17.41
2022/1/25 18:50,79.45,24.95,10.85,16.96
2022/1/25 19:50,80.13,23.34,11.03,16.25
2022/1/25 20:50,80.16,23.03,10.85,14.95
2022/1/25 21:50,79.08,23.43,10.68,14.23
2022/1/25 22:50,79.38,23.75,11.2,15.13
2022/1/25 23:50,79.13,23.93,11.72,15.89
2022/1/26 0:50,78.74,23.84,10.85,14.64
2022/1/26 1:50,78.18,23.84,10.68,15.44
2022/1/26 2:50,78.76,23.66,10.34,16.2
2022/1/26 3:50,79.44,22.9,9.64,16.69
2022/1/26 4:50,79.34,23.21,9.82,16.07
2022/1/26 5:50,78.8,23.97,9.82,17.63
2022/1/26 6:50,78.64,24.87,10.34,17.28
2022/1/26 7:50,79.52,24.46,10.16,16.34
2022/1/26 8:50,79.68,24.02,10.16,15.26
2022/1/26 9:50,79.87,23.75,10.51,15.08
2022/1/26 10:50,79.17,24.06,10.68,19.51
2022/1/26 11:50,79.27,23.75,10.34,18.44
2022/1/26 12:50,79.15,24.33,10.51,17.01
2022/1/26 13:50,78.93,23.79,10.51,17.36
2022/1/26 14:50,78.84,23.17,10.34,19.06
2022/1/26 15:50,79.68,22.09,9.82,19.29
2022/1/26 16:50,79.65,22.63,10.51,20
2022/1/26 17:50,78.7,24.1,11.37,19.6
2022/1/26 18:50,79.18,24.02,11.55,18.97
2022/1/26 19:50,79,24.87,12.07,17.81
2022/1/26 20:40,78.62,24.46,12.07,17.5
2022/1/26 21:50,78.72,24.42,12.59,16.74
2022/1/26 22:50,78.49,24.24,13.8,17.54
2022/1/26 23:50,78.29,24.24,13.8,17.54
2022/1/27 0:50,78.08,24.6,14.67,17.81
2022/1/27 1:50,78.08,24.55,14.67,18.04
2022/1/27 2:50,78.05,24.42,14.49,17.95
2022/1/27 3:50,77.26,24.6,15.36,18.44
2022/1/27 4:50,77.73,24.19,15.01,18.3
2022/1/27 5:50,80.04,21.69,11.72,18.48
2022/1/27 6:50,79.79,23.88,11.72,17.41
2022/1/27 7:50,78.73,24.46,13.63,18.04
2022/1/27 8:50,78.29,25.36,14.49,18.26
2022/1/27 9:50,78.16,24.95,14.49,17.99
2022/1/27 10:50,77.51,25.8,15.36,18.53
2022/1/27 11:50,77.88,24.6,13.97,19.29
2022/1/27 12:50,78.18,25.13,14.15,18.53
2022/1/27 13:50,78.6,23.93,12.93,18.3
2022/1/27 14:50,78.01,24.73,13.45,17.59
2022/1/27 15:50,77.95,25.22,13.45,17.86
2022/1/27 16:50,78.06,25.71,13.97,17.95
2022/1/27 17:50,78.32,25,14.15,19.65
2022/1/27 18:50,78.47,24.87,14.32,20.18
2022/1/27 19:50,79.17,23.79,14.67,20.54
2022/1/27 20:50,79.24,23.48,14.15,19.78
2022/1/27 21:50,79.56,23.26,13.45,19.51
2022/1/27 22:50,79.58,22.99,13.45,20.05
2022/1/27 23:50,79.24,23.66,13.45,17.5
2022/1/28 0:50,78.33,24.55,14.15,16.16
2022/1/28 1:50,78.46,24.51,14.15,16.07
2022/1/28 2:50,78.7,24.15,13.8,15.89
2022/1/28 3:50,78.42,25.22,14.15,14.91
2022/1/28 4:50,78.74,24.91,13.8,15.44
2022/1/28 5:50,78.49,26.07,14.49,15.53
2022/1/28 6:50,77.97,26.48,13.63,14.14
2022/1/28 7:50,78.46,26.74,13.28,14.14
2022/1/28 8:50,79.75,24.78,13.45,14.64
2022/1/28 9:50,80.1,24.91,13.28,16.74
2022/1/28 10:50,79.46,24.64,12.59,15.98
2022/1/28 11:50,79.22,25.04,12.93,14.99
2022/1/28 12:50,79.08,24.64,12.59,14.82
2022/1/28 13:50,78.84,25,12.76,15.13
2022/1/28 14:50,78.98,24.37,12.24,18.84
2022/1/28 15:50,79.21,24.6,12.41,20.81
2022/1/28 16:50,78.88,24.42,12.41,20.67
2022/1/28 17:50,79.66,22.18,9.99,18.84
2022/1/28 18:50,80.74,25.09,10.51,14.68
2022/1/28 19:50,79.72,24.6,9.99,16.07
2022/1/28 20:50,79.93,23.21,10.34,15.89
2022/1/28 21:50,79.27,24.51,12.07,15.44
2022/1/28 22:50,78.25,25.4,12.41,15.04
2022/1/28 23:50,78.4,25.54,12.59,15.04
2022/1/29 0:50,77.58,25.76,13.11,15.04
2022/1/29 1:50,77.51,25.98,13.28,15.35
2022/1/29 2:50,78.05,25.58,13.11,15.4
2022/1/29 3:50,78.4,25.09,12.76,15.62
2022/1/29 4:50,78.76,24.69,12.59,15.89
2022/1/29 5:50,78.81,26.03,13.45,16.11
2022/1/29 6:50,79.44,25.22,13.45,18.97
2022/1/29 7:50,79.24,24.37,13.11,18.13
2022/1/29 8:50,79.15,23.88,13.11,17.81
2022/1/29 9:50,78.57,23.61,12.76,17.77
2022/1/29 10:50,79.1,23.43,12.59,18.75
2022/1/29 11:50,78.74,23.48,12.59,18.57
2022/1/29 12:50,78.67,23.57,12.59,17.86
2022/1/29 13:50,78.67,23.7,12.41,18.35
2022/1/29 14:50,77.47,24.69,13.11,18.97
2022/1/29 15:50,78.43,23.79,12.24,18.21
2022/1/29 16:50,79.08,23.26,12.24,17.63
2022/1/29 17:50,79.62,23.21,12.07,15.84
2022/1/29 18:50,78.88,23.12,12.24,15.75
2022/1/29 19:50,79.46,24.02,12.41,18.13
2022/1/29 20:50,79.97,23.17,11.72,17.1
2022/1/29 21:50,80.06,22.81,12.24,15.71
2022/1/29 22:50,80.12,22.23,12.07,14.91
2022/1/29 23:50,79.97,22.41,12.24,14.73
2022/1/30 0:50,80.23,21.6,11.37,14.41
2022/1/30 1:50,79.95,22.41,11.89,14.77
2022/1/30 2:50,79.46,22.9,11.72,14.95
2022/1/30 3:50,79.24,22.67,11.72,14.86
2022/1/30 4:50,79.29,22.72,11.72,15.04
2022/1/30 5:50,79.29,23.79,12.24,14.32
2022/1/30 6:50,78.94,23.26,12.24,17.77
2022/1/30 7:50,78.69,24.55,12.76,19.2
2022/1/30 8:50,78.98,23.75,13.45,18.44
2022/1/30 9:50,79.68,22.67,12.93,19.29
2022/1/30 10:50,79.75,22.36,12.24,19.06
2022/1/30 11:50,79.41,22.63,12.41,17.86
2022/1/30 12:50,78.81,23.21,12.24,18.17
2022/1/30 13:50,78.32,22.85,11.89,18.04
2022/1/30 14:50,78.8,22.54,12.41,18.44
2022/1/30 15:50,78.67,22.99,12.76,18.8
2022/1/30 16:50,79.2,22.18,13.11,18.53
2022/1/30 17:50,79.45,22.14,13.63,19.91
2022/1/30 18:50,79.32,23.21,13.97,20.23
2022/1/30 19:50,79.17,23.75,14.49,21.43
2022/1/30 20:50,79.21,22.36,13.97,21.21
2022/1/30 21:50,79.32,22.81,14.49,17.41
2022/1/30 22:50,78.87,22.99,15.01,17.14
2022/1/30 23:50,78.74,23.34,14.67,15.22
2022/1/31 0:50,78.79,23.3,14.67,14.23
2022/1/31 1:50,78.66,23.79,14.84,13.92
2022/1/31 2:50,79.73,22.58,13.63,14.01
2022/1/31 3:50,79.92,22.58,13.63,15.4
2022/1/31 4:50,79.55,22.9,13.45,16.2
2022/1/31 5:50,78.39,25.31,12.93,21.52
2022/1/31 6:50,79.38,24.1,13.11,19.51
2022/1/31 7:50,79.72,24.37,11.03,18.39
2022/1/31 8:50,79.37,25.13,13.11,15.67
2022/1/31 9:50,80.19,22.49,11.03,15.08
2022/1/31 10:50,79.62,24.15,12.24,13.43
2022/1/31 11:50,79.79,24.37,12.41,14.37
2022/1/31 12:50,80.09,22.32,11.55,15.17
2022/1/31 13:50,79.93,23.39,12.59,16.07
2022/1/31 14:50,80.16,21.82,11.55,17.77
2022/1/31 15:50,80.51,21.06,11.03,18.44
2022/1/31 16:50,78.94,24.06,12.93,19.02
2022/1/31 17:50,79.72,23.34,12.59,17.81
2022/1/31 18:50,79.73,24.69,13.28,18.8
2022/1/31 19:50,79.41,24.91,14.32,20.14
2022/1/31 20:50,79.41,24.37,14.15,20.14
2022/1/31 21:50,79.65,23.43,13.8,19.51
2022/1/31 22:50,79.78,22.76,13.63,19.42
2022/1/31 23:50,79.71,22.81,13.8,19.69
2022/2/1 0:50,79.99,22.45,12.76,17.77
2022/2/1 1:50,80,22.18,12.41,16.74
2022/2/1 2:50,79.37,23.39,12.93,16.16
2022/2/1 3:50,78.49,24.15,13.11,16.11
2022/2/1 4:50,79.11,23.61,13.11,16.38
2022/2/1 5:50,79.07,24.06,13.97,17.9
2022/2/1 6:50,78.42,24.1,13.8,19.02
2022/2/1 7:50,79.03,23.61,13.45,19.82
2022/2/1 8:50,79.92,23.08,12.93,18.84
2022/2/1 9:50,78.83,23.52,13.11,19.96
2022/2/1 10:50,79.75,22.58,12.76,20
2022/2/1 11:50,79.54,22.81,12.93,19.87
2022/2/1 12:50,79.93,22.49,12.59,18.13
2022/2/1 13:50,78.72,23.61,12.59,15.71
2022/2/1 14:50,79.39,22.67,11.72,14.28
2022/2/1 15:50,78.5,23.48,12.07,13.79
2022/2/1 16:50,78.32,23.84,12.24,13.88
2022/2/1 17:50,79.48,22.85,10.85,16.16
2022/2/1 18:50,79.1,25.27,11.55,17.14
2022/2/1 19:50,79.29,23.48,11.72,18.62
2022/2/1 20:50,79.76,22.58,11.03,16.52
2022/2/1 21:50,79.97,20.8,10.16,15.49
2022/2/1 22:50,79.79,20.97,10.34,16.29
2022/2/1 23:50,80.23,20.35,9.47,15.26
2022/2/2 0:50,79.66,23.08,11.55,14.82
2022/2/2 1:50,79.41,22.67,11.55,14.55
2022/2/2 2:50,79.28,23.3,12.07,15.71
2022/2/2 3:50,79.24,23.26,12.24,15.62
2022/2/2 4:50,79.03,24.42,12.93,16.38
2022/2/2 5:50,79.48,24.24,13.63,16.83
2022/2/2 6:50,78.38,24.87,14.49,17.95
2022/2/2 7:50,78.23,25.89,14.67,19.15
2022/2/2 8:50,78.74,25,14.49,19.47
2022/2/2 9:50,78.53,25.22,13.97,23
2022/2/2 10:50,77.92,25.98,15.18,27.74
2022/2/2 11:50,78.76,24.51,14.49,24.48
2022/2/2 12:50,78.66,24.28,13.8,19.38
2022/2/2 13:50,79.11,23.66,13.45,15.62
2022/2/2 14:50,79.04,23.97,13.45,14.01
2022/2/2 15:50,78.76,23.7,13.28,13.61
2022/2/2 16:50,78.91,24.02,12.76,13.52
2022/2/2 17:50,78.01,25.31,13.97,15.93
2022/2/2 18:50,78.35,25.98,12.93,15.22
2022/2/2 19:50,78.45,24.91,13.28,15.75
2022/2/2 20:50,78.73,23.88,12.76,15.44
2022/2/2 21:50,78.76,23.61,12.24,15.13
2022/2/2 22:50,78.91,23.03,11.55,13.74
2022/2/2 23:50,78.83,23.57,11.89,14.37
2022/2/3 0:50,79.54,23.57,11.89,13.61
2022/2/3 1:50,79.46,23.43,11.55,13.56
2022/2/3 2:50,79.07,23.97,12.07,13.47
2022/2/3 3:50,79.15,24.19,11.89,13.52
2022/2/3 4:50,79.05,23.97,11.55,13.52
2022/2/3 5:50,79.54,23.79,10.51,12.62
2022/2/3 6:50,79.63,24.78,10.51,13.92
2022/2/3 7:50,79.58,24.55,11.2,14.19
2022/2/3 8:50,79.22,24.73,10.85,13.74
2022/2/3 9:50,79.28,24.69,10.68,13.52
2022/2/3 10:50,79.69,23.52,10.16,13.88
2022/2/3 11:50,79.71,23.7,9.99,14.99
2022/2/3 12:50,79.35,23.84,9.82,17.95
2022/2/3 13:50,79.07,23.93,9.82,18.35
2022/2/3 14:50,78.98,23.66,9.99,18.44
2022/2/3 15:50,78.76,24.15,10.34,18.62
2022/2/3 16:50,78.5,24.28,10.16,18.97
2022/2/3 17:50,77.91,25.18,11.89,19.82
2022/2/3 18:50,78.47,24.95,12.07,20.09
2022/2/3 19:50,78.35,25.09,12.41,21.21
2022/2/3 21:50,78.25,24.55,12.41,18.93
2022/2/3 22:50,78.69,24.33,12.24,18.39
2022/2/3 23:50,79.17,23.88,11.55,16.83
2022/2/4 0:50,79.35,24.02,11.2,15.4
2022/2/4 1:50,79.01,24.37,11.37,14.86
2022/2/4 2:50,78.01,25.54,11.37,14.59
2022/2/4 3:50,77.87,25.89,11.55,14.37
2022/2/4 4:50,77.94,26.21,11.55,13.74
2022/2/4 5:50,78.45,26.79,11.72,13.25
2022/2/4 6:50,79.11,25.4,11.2,14.32
2022/2/4 7:50,79.66,25.27,10.68,13.79
2022/2/4 8:50,80.45,23.88,10.68,14.32
2022/2/4 9:50,80.98,23.34,10.34,15.8
2022/2/4 10:50,81.11,22.27,10.16,14.37
2022/2/4 11:50,81.11,23.12,10.68,14.77
2022/2/4 12:50,80.33,23.48,10.51,14.95
2022/2/4 13:50,78.93,24.19,11.2,16.87
2022/2/4 14:50,78.7,24.37,11.03,18.13
2022/2/4 15:50,78.56,24.28,10.85,18.71
2022/2/4 16:50,79.24,23.61,10.85,17.32
2022/2/4 17:50,79.63,22.85,12.58,17.45
2022/2/4 18:50,79.44,24.6,11.2,16.65
2022/2/4 19:50,79.69,24.91,11.72,17.28
2022/2/4 20:50,79.39,23.79,12.59,17.68
2022/2/4 21:50,79.49,23.12,12.07,18.17
2022/2/4 22:50,79.25,23.3,12.24,17.99
2022/2/4 23:50,79.08,23.08,12.24,18.97
2022/2/5 0:50,79.04,23.43,12.24,18.66
2022/2/5 1:50,78.88,23.66,12.76,18.62
2022/2/5 2:50,79.44,22.9,11.55,17.72
2022/2/5 3:50,79.38,22.81,11.03,16.29
2022/2/5 4:50,79.03,23.08,10.34,15.62
2022/2/5 5:50,79.48,23.52,11.72,15.84
2022/2/5 6:50,78.94,23.48,11.2,15.49
2022/2/5 7:50,78.43,23.97,10.85,14.73
2022/2/5 8:50,77.33,24.51,10.34,14.68
2022/2/5 9:50,78.31,23.97,10.51,14.19
2022/2/5 10:50,78.04,23.57,10.34,14.19
2022/2/5 11:50,78.74,22.72,10.16,14.68
2022/2/5 12:50,78.23,23.43,10.85,13.7
2022/2/5 13:50,78.05,23.43,10.68,13.12
2022/2/5 14:50,78.91,23.52,10.51,12.13
2022/2/5 15:50,78.01,24.28,11.03,12.13
2022/2/5 16:50,77.81,24.69,10.85,12.45
2022/2/5 17:50,78.47,23.84,11.03,13.03
2022/2/5 18:50,78.08,24.73,11.2,14.82
2022/2/5 19:50,78.22,25.13,11.72,15.89
2022/2/5 20:50,78.25,24.55,11.89,15.84
2022/2/5 21:50,78.74,24.24,11.55,16.2
2022/2/5 22:50,79.01,23.3,11.03,16.96
2022/2/5 23:50,78.98,23.43,11.03,17.28
2022/2/6 0:50,79.21,22.58,10.68,17.28
2022/2/6 1:50,79.82,22.45,11.03,17.68
2022/2/6 2:50,78.98,23.08,11.37,18.66
2022/2/6 3:50,79.05,22.9,11.37,18.66
2022/2/6 4:50,79.01,22.85,11.37,18.39
2022/2/6 5:50,78.5,24.1,12.07,18.66
2022/2/6 6:50,77.97,24.73,11.89,18.53
2022/2/6 7:50,78.42,24.6,12.41,16.65
2022/2/6 8:50,78.64,24.02,12.24,17.59
2022/2/6 9:50,78.22,23.84,12.41,17.45
2022/2/6 10:50,79.11,23.12,11.72,17.14
2022/2/6 11:50,78.35,23.88,12.76,18.75
2022/2/6 12:50,78.5,23.84,12.41,16.87
2022/2/6 13:50,79.15,22.85,12.24,15.53
2022/2/6 14:50,78.57,23.97,12.41,16.38
2022/2/6 15:50,78.47,24.28,12.41,16.87
2022/2/6 16:50,78.36,24.28,12.07,16.43
2022/2/6 17:50,79.62,22.99,12.07,16.6
2022/2/6 18:50,80.13,22.94,12.07,16.74
2022/2/6 19:50,80.57,22.23,12.59,16.96
2022/2/6 20:50,80.5,22.05,12.24,16.2
2022/2/6 21:50,81.59,20.84,11.2,15.67
2022/2/6 22:50,81.23,20.93,11.2,16.34
2022/2/6 23:50,81.08,20.75,11.03,16.69
2022/2/7 0:50,80.34,21.38,11.03,17.23
2022/2/7 1:50,79.85,21.42,10.85,17.77
2022/2/7 2:50,79.05,21.96,10.85,19.6
2022/2/7 3:50,77.91,23.12,11.37,17.41
2022/2/7 4:50,78.19,22.76,11.37,17.36
2022/2/7 5:50,79.8,21.78,11.03,16.56
2022/2/7 6:50,80.14,21.29,10.68,16.6
2022/2/7 7:50,79.56,23.39,10.85,17.19
2022/2/7 8:50,79.44,22.99,11.55,16.16
2022/2/7 9:50,79.59,22.18,11.03,15.67
2022/2/7 10:50,78.36,23.21,11.55,15.89
2022/2/7 11:50,77.92,23.61,11.55,15.49
2022/2/7 12:50,78.06,23.08,11.03,15.13
2022/2/7 13:50,78.67,22.58,10.34,13.74
2022/2/7 14:50,78.57,22.27,10.16,13.21
2022/2/7 15:50,78.63,21.78,9.47,12.18
2022/2/7 16:50,78.45,22,9.3,11.82
2022/2/7 17:50,77.48,23.3,9.3,12.18
2022/2/7 18:50,77.22,23.88,9.47,11.64
2022/2/7 19:50,77.64,22.54,9.64,12.94
2022/2/7 20:50,79.11,22.94,9.82,12.94
2022/2/7 21:50,78.53,21.56,8.6,12.09
2022/2/7 22:50,79.31,21.47,8.6,11.46
2022/2/7 23:50,79.42,22.58,8.95,11.37
2022/2/8 0:50,79.11,21.91,8.95,13.83
2022/2/8 1:50,79.13,21.73,8.95,14.68
2022/2/8 2:50,78.21,22.09,9.3,16.74
2022/2/8 3:50,78.42,22.67,9.82,17.77
2022/2/8 4:50,78.91,22.54,9.47,17.19
2022/2/8 5:50,79.39,21.91,9.12,16.83
2022/2/8 6:50,79.32,23.43,10.51,15.67
2022/2/8 7:50,79.83,22.9,9.82,18.08
2022/2/8 8:50,79.92,21.65,9.12,18.48
2022/2/8 9:50,79.55,22.05,9.82,17.1
2022/2/8 10:50,79.76,21.38,9.3,17.19
2022/2/8 11:50,79.01,21.73,9.64,17.86
2022/2/8 12:50,79.13,21.78,9.64,16.6
2022/2/8 13:50,79.11,21.47,8.95,17.45
2022/2/8 14:50,78.57,22.14,8.95,19.38
2022/2/8 15:50,78.56,22.36,8.95,19.51
2022/2/8 16:50,79.54,20.75,8.26,18.57
2022/2/8 17:50,79.08,22,8.95,15.71
2022/2/8 18:50,79.55,22,9.3,15.49
2022/2/8 19:50,79.69,22.67,9.82,14.95
2022/2/8 20:50,80.36,21.42,8.95,14.86
2022/2/8 21:50,79.9,22.23,9.82,14.32
2022/2/8 22:50,79.61,22.27,9.82,15.31
2022/2/8 23:50,79.69,22.14,9.82,15.35
2022/2/9 0:50,79.31,22.54,9.64,15.71
2022/2/9 1:50,79.03,22.58,9.82,16.6
2022/2/9 2:50,78.38,23.3,9.82,17.28
2022/2/9 3:50,78.29,23.3,9.99,16.69
2022/2/9 4:50,78.29,23.88,10.34,17.01
2022/2/9 5:50,79.45,23.61,10.34,17.99
2022/2/9 6:50,78.93,23.75,10.16,19.11
2022/2/9 7:50,78.77,24.02,10.16,20.67
2022/2/9 8:50,79.13,23.75,10.16,20.76
2022/2/9 9:50,79.21,23.03,9.99,20.36
2022/2/9 10:50,78.94,23.7,10.16,19.74
2022/2/9 11:50,78.55,23.88,10.16,17.63
2022/2/9 12:50,78.47,23.66,10.16,17.14
2022/2/9 13:50,77.71,23.97,10.16,18.26
2022/2/9 14:50,77.71,23.79,10.16,17.1
2022/2/9 15:50,77.74,24.55,10.16,13.61
2022/2/9 16:50,77.64,24.15,9.99,13.52
2022/2/9 17:50,79.44,22.58,9.3,12.71
2022/2/9 18:50,80.64,22.45,9.47,11.28
2022/2/9 19:50,79.9,21.87,9.64,11.91
2022/2/9 20:50,79.79,21.24,9.47,11.82
2022/2/9 21:50,79.76,21.87,9.82,12.71
2022/2/9 22:50,79.96,22.09,9.64,13.79
2022/2/9 23:50,79.48,21.42,9.47,13.52
2022/2/10 0:50,79.48,22.32,9.99,13.3
2022/2/10 1:50,79.59,22.27,9.82,14.41
2022/2/10 2:50,79.93,20.66,8.78,16.16
2022/2/10 3:50,80.44,20.17,8.43,16.69
2022/2/10 4:50,80.28,19.99,8.6,16.65
2022/2/10 5:50,79.28,23.03,10.34,21.35
2022/2/10 6:50,79.54,22.14,9.82,20.58
2022/2/10 7:50,79.2,22.76,9.82,23.13
2022/2/10 8:50,78.25,23.93,10.85,17.41
2022/2/10 9:50,78.94,23.26,10.51,15.04
2022/2/10 10:50,78.86,23.34,10.51,12.4
2022/2/10 11:50,79.21,22.72,10.51,12
2022/2/10 12:50,78.73,23.12,9.99,11.1
2022/2/10 13:50,79.21,22.49,9.82,12.09
2022/2/10 14:50,79.45,22.36,9.82,14.14
2022/2/10 15:50,79.08,22.41,9.64,18.93
2022/2/10 16:50,78.93,22.49,9.82,18.8
2022/2/10 17:50,79.8,22.41,9.47,17.5
2022/2/10 18:50,79.15,23.7,9.47,18.3
2022/2/10 19:50,79.56,22.76,9.64,19.06
2022/2/10 20:50,79.42,22.36,9.64,19.47
2022/2/10 21:50,79.42,22.63,9.82,19.33
2022/2/10 22:50,79.17,23.3,10.16,18.62
2022/2/10 23:50,78.93,23.39,10.34,16.16
2022/2/11 0:50,79.04,23.34,10.68,13.34
2022/2/11 1:50,79.17,22.94,10.16,13.21
2022/2/11 2:50,79.32,23.08,10.34,11.91
2022/2/11 3:50,79.24,22.94,10.34,11.69
2022/2/11 4:50,79.31,23.12,10.16,12.27
2022/2/11 5:50,79.39,22.63,9.12,11.77
2022/2/11 6:50,79.45,23.08,9.64,12.76
2022/2/11 7:50,79.08,23.03,9.47,14.77
2022/2/11 8:50,78.77,23.61,9.64,14.82
2022/2/11 9:50,78.55,22.72,9.3,15.4
2022/2/11 10:50,78.97,22.54,9.47,15.67
2022/2/11 11:50,79.04,22.76,9.3,15.4
2022/2/11 12:50,79.25,22.76,9.47,14.86
2022/2/11 13:50,78.43,22.54,9.3,13.83
2022/2/11 14:50,78.86,22.58,9.47,13.52
2022/2/11 15:50,78.74,22.9,9.64,13.7
2022/2/11 16:50,78.72,21.96,9.3,13.38
2022/2/11 17:50,79.56,23.3,9.99,9.36
2022/2/11 18:50,78.47,26.07,9.64,14.19
2022/2/11 19:50,77.98,25.04,9.82,14.99
2022/2/11 20:50,77.82,24.46,9.64,16.47
2022/2/11 21:50,78.28,24.1,9.82,13.43
2022/2/11 22:50,78.96,23.3,9.47,10.66
2022/2/11 23:50,79.29,22.67,9.3,10.34
2022/2/12 0:50,79.66,22.41,9.3,9.18
2022/2/12 1:50,79.42,23.12,9.99,9.27
2022/2/12 2:50,78.91,23.17,9.99,9.76
2022/2/12 3:50,79.07,23.12,9.82,9.72
2022/2/12 4:50,78.94,22.99,9.82,9.58
2022/2/12 5:50,80.48,20.84,8.43,9.14
2022/2/12 6:50,80.51,20.84,8.08,9.23
2022/2/12 7:50,79.79,23.88,8.95,8.78
2022/2/12 8:50,79.73,22.72,8.78,8.64
2022/2/12 9:50,79.92,22.41,8.6,8.96
2022/2/12 10:50,79.87,22.67,8.6,8.69
2022/2/12 11:50,79.68,22.32,8.78,8.38
2022/2/12 12:50,79.54,22.63,9.12,8.6
2022/2/12 13:50,79.24,21.29,8.08,8.38
2022/2/12 14:50,78.69,23.48,9.12,9.76
2022/2/12 15:50,78.67,23.93,8.95,9.9
2022/2/12 16:50,79.15,23.79,8.95,9.14
2022/2/12 17:50,79.21,23.3,8.6,9.18
2022/2/12 18:50,78.55,24.19,8.78,11.19
2022/2/12 19:50,79.56,23.34,8.26,13.38
2022/2/12 20:50,79.73,22.58,8.08,13.38
2022/2/12 21:50,79.24,22.45,7.74,13.88
2022/2/12 22:50,79.76,22.23,7.74,14.64
2022/2/12 23:50,79.04,22.81,8.08,16.34
2022/2/13 0:50,79.72,22.27,8.26,15.58
2022/2/13 1:50,79.55,23.21,8.43,14.77
2022/2/13 2:50,79.31,22.85,8.08,14.77
2022/2/13 3:50,79.29,22.94,8.43,11.86
2022/2/13 4:50,78.98,23.17,8.6,10.48
2022/2/13 5:50,78.94,24.15,8.6,9.4
2022/2/13 6:50,78.15,24.06,8.95,9.4
2022/2/13 7:50,78.9,24.06,8.43,8.73
2022/2/13 8:50,79.03,22.58,8.78,9.54
2022/2/13 9:50,79.11,22.36,8.6,8.96
2022/2/13 10:50,78.94,22.45,8.78,9.05
2022/2/13 11:50,79.59,21.51,8.43,9.05
2022/2/13 12:50,79.27,21.87,8.43,8.87
2022/2/13 13:50,78.9,21.78,8.26,8.38
2022/2/13 14:50,79.95,21.73,8.43,8.06
2022/2/13 15:50,80.24,22.05,8.43,8.33
2022/2/13 16:50,79.95,22.45,8.6,8.55
2022/2/13 17:50,80.64,20.04,6.7,9.45
2022/2/13 18:50,81.52,20.44,7.22,9.72
2022/2/13 19:50,80.96,21.56,7.22,11.1
2022/2/13 20:50,81.08,20.71,7.22,10.66
2022/2/13 21:50,80.61,21.56,8.26,11.42
2022/2/13 22:50,80.04,22.05,8.78,12.31
2022/2/13 23:50,80.16,21.96,8.6,12.31
2022/2/14 0:50,79.63,22.63,9.12,11.86
2022/2/14 1:50,79.52,22.85,9.47,12.27
2022/2/14 2:50,79.83,22.85,9.47,13.21
2022/2/14 3:50,80.06,22.36,9.3,13.61
2022/2/14 4:50,79.65,22.67,9.82,13.47
2022/2/14 5:50,79.38,22.85,9.12,12.89
2022/2/14 6:50,78.8,23.79,9.99,13.43
2022/2/14 7:50,79,25.58,9.82,13.25
2022/2/14 8:50,79.89,22.9,9.64,12.49
2022/2/14 9:50,78.94,23.34,9.82,12.76
2022/2/14 10:50,79.44,22.36,9.3,12.18
2022/2/14 11:50,79.01,23.39,9.64,12.36
2022/2/14 12:50,78.52,23.66,9.82,12.98
2022/2/14 13:50,79.37,23.17,9.64,13.25
2022/2/14 14:50,79.03,23.66,9.82,13.92
2022/2/14 15:50,79.05,22.9,9.3,20.27
2022/2/14 16:50,79.34,23.39,9.3,22.95
2022/2/14 17:50,80.02,22.27,9.64,18.35
2022/2/14 18:50,78.6,23.52,10.34,22.69
2022/2/14 19:50,79.11,24.91,10.51,18.84
2022/2/14 20:50,80.02,23.75,9.3,11.86
2022/2/14 21:50,79.28,23.26,9.47,9.63
2022/2/14 22:50,78.76,23.48,10.34,8.91
2022/2/14 23:50,79,23.57,10.34,9.76
2022/2/15 0:50,78.9,23.17,10.16,8.91
2022/2/15 1:50,78.83,23.17,9.99,8.78
2022/2/15 2:50,79.66,22.45,9.64,9.31
2022/2/15 3:50,78.9,22.76,9.82,9.4
2022/2/15 4:50,78.8,23.3,9.82,9.63
2022/2/15 5:50,79.48,23.03,10.51,9.99
2022/2/15 6:50,79.52,22.54,10.34,11.24
2022/2/15 7:50,79.78,22.18,9.3,11.82
2022/2/15 8:50,79.83,24.06,10.68,14.28
2022/2/15 9:50,80.21,22.49,10.34,14.5
2022/2/15 10:50,80,22.23,9.99,15.53
2022/2/15 11:50,79.38,23.34,10.68,16.07
2022/2/15 12:50,79.8,22.85,10.68,14.59
2022/2/15 13:50,79.63,22.76,10.34,15.53
2022/2/15 14:50,79.68,22.32,9.99,15.49
2022/2/15 15:50,80.31,21.15,9.3,14.95
2022/2/15 16:50,79.96,21.78,9.47,14.73
2022/2/15 17:50,79.29,22.9,10.68,15.89
2022/2/15 18:50,78.32,24.1,11.72,16.96
2022/2/15 19:50,78.11,24.37,12.41,19.51
2022/2/15 20:50,78.25,23.79,12.07,19.11
2022/2/15 21:50,78.84,23.21,11.55,15.58
2022/2/15 22:50,78.87,23.08,11.37,15.4
2022/2/15 23:50,78.5,23.21,12.07,13.79
2022/2/16 0:50,78.81,23.12,11.72,13.56
2022/2/16 1:50,78.56,23.39,11.55,12.94
2022/2/16 2:50,79.13,22.45,10.85,12.13
2022/2/16 3:50,79.37,22.54,10.85,11.73
2022/2/16 4:50,79.04,22.67,11.03,11.73
2022/2/16 5:50,78.83,23.7,12.24,24.16
2022/2/16 6:50,78.9,23.88,12.24,23.04
2022/2/16 7:50,78.98,24.15,11.2,23.54
2022/2/16 8:50,78.84,23.21,11.55,17.9
2022/2/16 9:50,79.29,22.41,10.85,15.53
2022/2/16 10:50,79.11,22.72,11.2,14.64
2022/2/16 11:50,78.77,23.79,12.07,14.14
2022/2/16 12:50,79.38,22.32,11.37,13.65
2022/2/16 13:50,79.35,23.48,12.24,13.52
2022/2/16 14:50,79.11,23.08,12.59,14.01
2022/2/16 15:50,78.09,22.67,12.41,13.61
2022/2/16 16:50,78.9,22.81,12.76,15.75
2022/2/16 17:50,79.56,23.12,12.76,15.93
2022/2/16 18:50,80.91,23.03,13.97,16.65
2022/2/16 19:50,79.99,22.58,13.97,15.98
2022/2/16 20:50,79.79,22.09,13.8,15.62
2022/2/16 21:50,79.62,22.27,12.76,14.19
2022/2/16 22:50,79.55,21.91,12.59,14.23
2022/2/16 23:50,79.73,21.73,12.59,14.46
2022/2/17 0:50,79.46,21.06,11.72,13.92
2022/2/17 1:50,80.3,20.62,11.03,13.21
2022/2/17 2:50,79.75,22.14,12.41,13.65
2022/2/17 3:50,79.32,22.14,12.93,14.06
2022/2/17 4:50,79.38,21.87,12.59,13.83
2022/2/17 5:50,78.74,22.72,13.11,14.37
2022/2/17 6:50,77.89,24.1,12.76,14.28
2022/2/17 7:50,78.18,24.1,13.45,15.31
2022/2/17 8:50,77.85,24.42,13.28,15.58
2022/2/17 9:50,78.09,23.93,12.76,15.22
2022/2/17 10:50,79.32,22.54,12.24,14.41
2022/2/17 11:50,79.44,22,12.07,14.59
2022/2/17 12:50,79.17,21.96,11.55,14.86
2022/2/17 13:50,78.94,22.49,11.55,15.13
2022/2/17 14:50,78.64,23.21,11.72,13.97
2022/2/17 15:50,78.31,23.52,11.55,14.5
2022/2/17 16:50,77.84,24.24,11.72,14.64
2022/2/17 17:50,78.93,23.7,10.68,13.88
2022/2/17 18:50,78.52,23.88,11.2,13.88
2022/2/17 19:50,78.29,24.37,10.85,14.19
2022/2/17 20:50,78.05,24.42,10.85,14.41
2022/2/17 21:50,78.35,23.43,11.03,14.14
2022/2/17 22:50,78.47,23.43,10.85,13.88
2022/2/17 23:50,78.49,23.52,10.51,13.21
2022/2/18 0:50,77.78,23.21,10.68,13.83
2022/2/18 1:50,78.52,23.43,10.68,13.79
2022/2/18 2:50,78.29,24.19,10.85,13.92
2022/2/18 3:50,78.4,24.15,11.03,13.74
2022/2/18 4:50,78.29,23.93,10.85,13.92
2022/2/18 5:50,77.99,23.93,10.51,13.52
2022/2/18 6:50,77.94,25.31,11.2,14.01
2022/2/18 7:50,77.37,25.94,11.37,13.03
2022/2/18 8:50,77.97,25.31,10.68,13.21
2022/2/18 9:50,77.75,25.63,11.03,13.12
2022/2/18 10:50,77.98,25.67,11.03,13.56
2022/2/18 11:50,78.88,25.04,11.2,13.43
2022/2/18 12:50,79.62,23.43,10.68,13.34
2022/2/18 13:50,79.65,23.21,10.68,13.3
2022/2/18 14:50,78.9,24.24,11.37,14.77
2022/2/18 15:50,79.1,23.12,11.03,14.59
2022/2/18 16:50,79.11,22.81,11.2,14.46
2022/2/18 17:50,78.55,23.52,11.2,16.11
2022/2/18 18:50,79,23.93,11.55,15.71
2022/2/18 19:50,79.03,23.08,10.68,15.17
2022/2/18 20:50,79.41,24.15,10.68,15.04
2022/2/18 21:50,78.86,23.52,10.34,13.16
2022/2/18 22:50,78.29,24.24,10.68,12.53
2022/2/18 23:50,77.89,24.46,10.85,12.09
2022/2/19 0:50,78.36,24.24,10.51,12.49
2022/2/19 1:50,78.62,24.24,10.68,12.36
2022/2/19 2:50,78.93,24.15,10.85,13.03
2022/2/19 3:50,79.01,23.84,11.03,13.52
2022/2/19 4:50,78.98,24.15,11.2,13.25
2022/2/19 5:50,80.06,22.85,10.68,13.38
2022/2/19 6:50,79.05,23.7,10.68,14.19
2022/2/19 7:50,78.4,25.13,11.2,13.65
2022/2/19 8:50,78.59,24.95,10.85,13.79
2022/2/19 9:50,78.49,23.88,10.68,13.52
2022/2/19 10:50,77.78,25.04,11.03,15.98
2022/2/19 11:50,78.12,24.78,10.85,15.49
2022/2/19 12:50,78.39,24.42,10.85,15.44
2022/2/19 13:50,78.14,24.15,10.68,15.93
2022/2/19 14:50,77.53,24.69,10.51,15.84
2022/2/19 15:50,78.23,25.63,10.51,22.6
2022/2/19 16:50,78.87,25.54,10.68,17.28
2022/2/19 17:50,79.61,23.66,10.34,13.92
2022/2/19 18:50,79.05,25.09,10.68,13.47
2022/2/19 19:50,79.17,24.69,11.2,22.69
2022/2/19 20:50,79.72,23.66,11.2,24.34
2022/2/19 21:50,79.46,24.06,10.85,23.04
2022/2/19 22:50,79.21,24.15,10.68,22.42
2022/2/19 23:50,79.37,24.06,10.34,19.29
2022/2/20 0:50,79.15,23.3,9.82,19.47
2022/2/20 1:50,79.32,23.97,9.64,19.06
2022/2/20 2:50,78.59,24.55,10.34,20.09
2022/2/20 3:50,78.7,24.42,10.16,19.38
2022/2/20 4:50,78.91,24.37,10.16,18.89
2022/2/20 5:50,79.59,24.82,10.51,13.25
2022/2/20 6:50,79.72,24.06,9.99,14.01
2022/2/20 7:50,78.52,25.76,10.34,13.43
2022/2/20 8:50,78.83,24.55,9.99,12.85
2022/2/20 9:50,78.84,25.8,10.85,11.82
2022/2/20 10:50,79.34,24.19,10.16,11.86
2022/2/20 11:50,79.04,25.18,10.85,11.86
2022/2/20 12:50,78.21,23.7,9.99,12.45
2022/2/20 13:50,79.29,24.78,10.85,12.76
2022/2/20 14:50,78.7,25.27,11.55,14.19
2022/2/20 15:50,78.4,25.31,11.03,15.62
2022/2/20 16:50,78.52,25.31,11.37,16.6
2022/2/20 17:50,78.97,25.09,11.89,14.41
2022/2/20 18:50,78.9,26.3,11.2,12.8
2022/2/20 19:50,79.48,24.69,11.03,12.13
2022/2/20 20:50,78.91,25.31,11.55,12.53
2022/2/20 21:50,79.17,24.82,11.2,11.82
2022/2/20 22:50,79,24.1,10.34,12.71
2022/2/20 23:50,78.39,24.82,10.85,13.61
2022/2/21 0:50,78.81,24.19,10.34,11.91
2022/2/21 1:50,79.14,24.02,9.99,11.28
2022/2/21 2:50,79.29,23.79,9.82,10.25
2022/2/21 3:50,79.01,24.64,10.34,10.7
2022/2/21 4:50,78.83,24.82,9.99,11.46
2022/2/21 5:50,78.28,24.82,9.82,11.51
2022/2/21 6:50,76.44,27.55,11.55,18.75
2022/2/21 7:50,76.57,26.48,10.68,18.3
2022/2/21 8:50,76.52,27.01,10.85,20.72
2022/2/21 9:50,77.75,25.63,10.34,20.05
2022/2/21 10:50,78.76,24.69,10.34,16.96
2022/2/21 11:50,79.1,23.79,10.16,15.75
2022/2/21 12:50,79.13,24.69,10.16,15.49
2022/2/21 13:50,79.31,24.46,11.03,14.55
2022/2/21 14:50,79.34,24.06,10.51,17.01
2022/2/21 15:50,79.39,24.33,10.85,15.84
2022/2/21 16:50,79.99,23.75,10.68,14.37
2022/2/21 17:50,79.82,24.46,9.99,13.65
2022/2/21 18:50,79.54,25.58,10.68,14.95
2022/2/21 19:50,80.12,24.64,9.82,14.06
2022/2/21 20:50,80.27,23.97,9.82,13.52
2022/2/21 21:50,80.12,23.84,9.99,12.27
2022/2/21 22:50,79.95,23.52,10.16,12.4
2022/2/21 23:50,80.33,23.26,10.34,12.45
2022/2/22 0:50,80,23.17,10.34,12.04
2022/2/22 1:50,79.83,22.9,10.34,11.95
2022/2/22 2:50,80.14,23.21,10.85,12.98
2022/2/22 3:50,80.06,22.99,10.85,12.62
2022/2/22 4:50,80.36,22.67,10.51,12.36
2022/2/22 5:50,79.63,23.61,11.03,12.49
2022/2/22 6:50,78.93,24.42,10.85,12.53
2022/2/22 7:50,78.12,26.52,11.03,13.16
2022/2/22 8:50,79.07,25.09,10.85,15.62
2022/2/22 9:50,79.31,24.55,11.2,16.02
2022/2/22 10:50,79.46,23.79,10.68,13.79
2022/2/22 11:50,79.52,23.88,10.85,14.95
2022/2/22 12:50,79.22,23.79,10.68,15.08
2022/2/22 13:50,78.04,24.91,11.03,14.06
2022/2/22 14:50,77.97,25.27,11.03,14.14
2022/2/22 15:50,78.52,24.55,10.85,13.74
2022/2/22 16:50,78.19,25.04,11.37,14.01
2022/2/22 17:50,78.77,25.58,11.37,10.88
2022/2/22 18:50,78.32,25.85,11.03,11.95
2022/2/22 19:50,78.84,25.18,11.37,12.36
2022/2/22 20:50,78.91,24.87,12.07,13.74
2022/2/22 21:50,79.76,23.39,11.37,15.08
2022/2/22 22:50,79.83,22.99,11.2,15.4
2022/2/22 23:50,80.2,22.76,11.2,15.71
2022/2/23 0:50,78.93,23.93,11.37,14.82
2022/2/23 1:50,78.64,24.15,11.55,14.06
2022/2/23 2:50,78.5,24.28,11.55,14.73
2022/2/23 3:50,78.46,24.19,11.55,13.61
2022/2/23 4:50,78.33,24.51,11.72,13.61
2022/2/23 5:50,79.37,23.57,10.85,12.8
2022/2/23 6:50,79.13,24.51,11.2,13.7
2022/2/23 7:50,78.91,23.97,11.2,15.31
2022/2/23 8:50,79.01,23.97,11.03,17.5
2022/2/23 9:50,79,23.34,11.03,19.47
2022/2/23 10:50,79.32,23.61,10.85,18.17
2022/2/23 11:50,78.77,23.66,10.68,17.81
2022/2/23 12:50,78.77,23.75,10.51,17.36
2022/2/23 13:50,78.29,24.78,10.34,14.28
2022/2/23 14:50,77.91,24.95,10.68,13.61
2022/2/23 15:50,77.97,25.04,11.37,12.13
2022/2/23 16:50,78.06,25.58,11.55,11.19
2022/2/23 17:50,80.37,23.7,10.34,11.06
2022/2/23 18:50,79.95,24.24,10.85,11.01
2022/2/23 19:50,79.55,23.97,10.85,11.55
2022/2/23 20:50,79.31,23.84,11.03,11.86
2022/2/23 21:50,79.92,22.72,10.34,11.24
2022/2/23 22:50,80.57,21.96,10.16,11.01
2022/2/23 23:50,80.78,21.33,9.99,11.06
2022/2/24 0:50,79.49,22.85,10.85,13.88
2022/2/24 1:50,79.25,23.21,12.41,14.68
2022/2/24 2:50,78.47,24.1,11.2,11.69
2022/2/24 3:50,78.98,23.48,10.51,11.69
2022/2/24 4:50,79.35,22.94,10.34,11.06
2022/2/24 5:50,79.29,23.21,10.68,12.36
2022/2/24 6:50,79.08,23.97,10.68,12.36
2022/2/24 7:50,78.66,25.76,10.68,13.43
2022/2/24 8:50,78.9,23.79,10.16,14.1
2022/2/24 9:50,78.42,24.64,10.68,14.77
2022/2/24 10:50,78.98,22.94,9.99,14.59
2022/2/24 11:50,79.35,23.26,10.16,15.93
2022/2/24 12:50,78.66,24.06,10.16,17.59
2022/2/24 13:50,78.94,23.21,10.16,19.02
2022/2/24 14:50,78.81,23.66,10.16,18.97
2022/2/24 15:50,78.77,23.75,10.16,19.2
2022/2/24 16:50,79.34,22.63,9.47,17.28
2022/2/24 17:50,79.03,23.57,9.64,14.01
2022/2/24 18:50,79.54,23.57,9.3,13.34
2022/2/24 19:50,79.38,23.7,9.47,13.34
2022/2/24 20:50,79.55,22.81,9.47,11.91
2022/2/24 21:50,78.8,23.93,9.82,12.04
2022/2/24 22:50,78.45,24.28,10.16,14.46
2022/2/24 23:50,78.67,23.84,10.16,13.38
2022/2/25 0:50,78.91,23.12,9.47,12.4
2022/2/25 1:50,78.87,23.79,9.82,12.94
2022/2/25 2:50,78.22,24.51,9.82,13.47
2022/2/25 3:50,77.09,25.76,11.2,14.64
2022/2/25 4:50,77.46,25.31,11.2,15.75
2022/2/25 5:50,78.96,25.13,10.68,14.41
2022/2/25 6:50,77.5,25.8,11.2,14.32
2022/2/25 7:50,76.92,26.83,11.2,14.28
2022/2/25 8:50,77.37,26.16,11.37,13.43
2022/2/25 9:50,78.31,25.22,11.55,15.22
2022/2/25 10:50,77.94,25.94,12.07,18.13
2022/2/25 11:50,77.73,25.67,11.89,17.1
2022/2/25 12:50,78.9,24.51,11.37,15.31
2022/2/25 13:50,79.55,23.61,11.37,14.55
2022/2/25 14:50,79.29,24.15,12.07,16.69
2022/2/25 15:50,78.87,24.69,11.55,14.1
2022/2/25 16:50,78.88,24.1,11.55,13.3
2022/2/25 17:50,78.87,24.06,10.68,11.73
2022/2/25 18:50,78.63,26.03,11.03,12.8
2022/2/25 19:50,78.8,24.95,11.55,13.52
2022/2/25 20:50,78.8,24.64,11.55,13.47
2022/2/25 21:50,77.37,26.16,12.24,15.53
2022/2/25 22:50,77.68,26.34,12.59,15.8
2022/2/25 23:50,77.63,26.39,12.76,16.02
2022/2/26 0:50,78.26,26.12,12.59,15.67
2022/2/26 1:50,78.73,25.63,12.59,16.52
2022/2/26 2:50,78.59,25.45,13.11,16.6
2022/2/26 3:50,78.69,25.36,12.93,16.52
2022/2/26 4:50,79.44,23.08,11.55,15.53
2022/2/26 5:50,79.89,23.88,12.41,14.86
2022/2/26 6:50,79.34,24.42,11.89,14.91
2022/2/26 7:50,79.03,25.8,12.76,15.67
2022/2/26 8:50,79.49,24.19,12.07,14.86
2022/2/26 9:50,79.18,24.95,12.76,15.26
2022/2/26 10:50,78.35,25.18,12.93,14.46
2022/2/26 11:50,78.74,24.33,11.89,14.59
2022/2/26 12:50,77.99,25.45,12.41,14.59
2022/2/26 14:50,73.85,27.01,12.41,24.88
2022/2/26 15:50,73.95,26.97,12.24,27.43
2022/2/26 16:50,72.18,28.58,12.24,27.47
2022/2/26 17:50,72.72,27.59,11.89,27.52
2022/2/26 18:50,76.34,25.36,12.76,46.48
2022/2/26 19:50,80.26,23.08,11.37,28.01
2022/2/26 20:50,80.55,22.36,10.51,18.97
2022/2/26 21:50,79.04,24.28,11.55,14.5
2022/2/26 22:50,79.22,24.24,12.07,13.07
2022/2/26 23:50,77.37,25.85,13.11,14.77
2022/2/27 0:50,78.49,25.04,12.93,13.12
2022/2/27 1:50,78.02,25.18,12.93,13.34
2022/2/27 2:50,79.54,23.88,12.59,13.74
2022/2/27 3:50,80.38,22.94,12.59,14.1
2022/2/27 4:50,80.45,23.26,12.41,14.23
2022/2/27 5:50,79.54,23.66,12.59,14.95
2022/2/27 6:50,78.84,24.69,12.59,14.82
2022/2/27 7:50,77.91,25.36,13.28,16.6
2022/2/27 8:50,78.02,24.82,13.45,17.28
2022/2/27 9:50,78.08,24.28,13.45,17.99
2022/2/27 10:50,78.9,24.6,13.8,17.59
2022/2/27 11:50,78.8,23.84,12.76,16.65
2022/2/27 12:50,78.62,23.66,12.24,15.93
2022/2/27 13:50,78.22,24.33,12.59,17.32
2022/2/27 14:50,78.47,23.61,11.72,14.32
2022/2/27 15:50,77.82,25.58,13.45,14.14
2022/2/27 16:50,77.87,24.51,13.11,14.28
2022/2/27 17:50,78.73,25.67,13.11,14.37
2022/2/27 18:50,78.05,25.76,12.76,14.5
2022/2/27 19:50,78.45,25.54,13.45,14.99
2022/2/27 20:50,78.57,24.87,13.63,15.08
2022/2/27 21:50,78.19,25.04,13.8,17.45
2022/2/27 22:50,77.22,25.67,14.15,19.29
2022/2/27 23:50,77.26,26.16,14.49,19.65
2022/2/28 0:50,77.85,25.18,13.97,19.6
2022/2/28 1:50,77.12,25.13,14.15,19.6
2022/2/28 2:50,77.29,25.45,14.84,25.73
2022/2/28 3:50,76.99,25.31,14.49,26.98
2022/2/28 4:50,78.57,24.33,14.15,26.98
2022/2/28 5:50,80.91,21.65,11.55,16.52
2022/2/28 6:50,80.2,24.02,11.89,15.53
2022/2/28 7:50,78.84,26.07,13.45,16.83
2022/2/28 8:50,78.56,25,12.93,15.26
2022/2/28 9:50,78.42,25.09,12.93,15.75
2022/2/28 10:50,78.22,25.09,12.93,15.22
2022/2/28 11:50,78.22,24.1,12.24,14.99
2022/2/28 12:50,78.45,24.55,12.59,14.73
2022/2/28 13:50,78.5,23.88,11.89,15.35
2022/2/28 14:50,77.99,25.09,12.59,15.49
2022/2/28 15:50,77.95,24.82,12.07,15.22
2022/2/28 16:50,78.31,24.82,11.89,13.79
2022/2/28 17:50,78.16,25,12.07,13.21
2022/2/28 18:50,77.74,26.83,12.24,13.7
2022/2/28 19:50,78.39,25.31,11.89,12.98
2022/2/28 20:50,78.19,25.54,11.89,12.71
2022/2/28 21:50,79.08,24.19,11.2,12.49
2022/2/28 22:50,79.48,23.93,11.37,12.67
2022/2/28 23:50,79.54,23.88,11.03,12.27
2022/3/1 0:50,80.13,24.15,11.37,11.77
2022/3/1 1:50,80.21,24.19,11.55,11.82
2022/3/1 2:50,80.21,24.19,11.55,11.24
2022/3/1 3:50,79.58,24.37,11.37,11.24
2022/3/1 4:50,79.51,24.42,11.37,10.84
2022/3/1 5:50,76.69,27.59,12.41,11.55
2022/3/1 6:50,76.37,27.95,13.11,11.6
2022/3/1 7:50,76.25,28.44,12.93,11.64
2022/3/1 8:50,77.34,26.83,12.76,12
2022/3/1 9:50,78.94,26.16,13.11,11.37
2022/3/1 10:50,79.1,25.94,13.11,10.79
2022/3/1 11:50,79.75,25.49,12.76,10.84
2022/3/1 12:50,80.28,24.46,12.07,10.66
2022/3/1 13:50,80.16,24.02,11.72,11.28
2022/3/1 14:50,80.45,23.3,11.55,10.61
2022/3/1 15:50,81.15,22.99,11.55,10.97
2022/3/1 16:50,81.2,23.75,11.37,11.19
2022/3/1 17:50,80.53,22.58,10.68,10.84
2022/3/1 18:50,80.7,23.7,10.85,11.15
2022/3/1 19:50,80.68,23.08,10.34,10.79
2022/3/1 20:50,79.14,23.66,10.34,10.97
2022/3/1 21:50,78.08,24.91,10.85,11.28
2022/3/1 22:50,77.7,25.4,11.2,11.28
2022/3/1 23:50,77.61,25.45,11.03,11.51
2022/3/2 0:50,77.16,26.12,11.72,11.42
2022/3/2 1:50,77.5,26.07,11.2,11.1
2022/3/2 2:50,77.78,25.18,10.85,11.19
2022/3/2 3:50,78.35,24.51,10.68,11.42
2022/3/2 4:50,78.55,24.24,10.68,11.46
2022/3/2 5:50,79.21,22.85,10.34,12.04
2022/3/2 6:50,79.1,24.78,10.85,12.4
2022/3/2 7:50,79.01,23.84,11.55,13.07
2022/3/2 8:50,78.64,24.06,12.76,13.79
2022/3/2 9:50,79.58,23.39,12.59,13.97
2022/3/2 10:50,79.79,23.03,11.89,13.56
2022/3/2 11:50,79.27,23.61,12.07,16.52
2022/3/2 12:50,78.21,24.28,12.07,19.69
2022/3/2 13:50,78.19,24.33,12.24,21.26
2022/3/2 14:50,77.53,25.36,13.11,19.47
2022/3/2 15:50,78.81,24.24,12.93,17.23
2022/3/2 16:50,78.86,24.82,13.45,17.28
2022/3/2 17:50,78.91,25.13,13.97,15.08
2022/3/2 18:50,78.83,24.78,14.15,14.95
2022/3/2 19:50,77.81,26.74,14.49,14.06
2022/3/2 20:50,77.6,27.19,14.32,13.97
2022/3/2 21:50,77.8,26.48,14.67,13.79
2022/3/2 22:50,77.67,27.01,15.01,13.92
2022/3/2 23:50,77.47,26.83,15.36,13.88
2022/3/3 0:50,77.67,26.52,15.18,13.79
2022/3/3 1:50,78.55,25.63,14.67,14.1
2022/3/3 2:50,78.64,25.36,14.32,13.65
2022/3/3 3:50,78.66,25.49,13.8,13.61
2022/3/3 4:50,78.7,25.54,14.15,13.7
2022/3/3 5:50,78.8,25.31,13.63,14.64
2022/3/3 6:50,78.69,26.07,13.8,14.55
2022/3/3 7:50,78.67,26.65,13.45,14.32
2022/3/3 8:50,79.25,25.54,13.28,14.01
2022/3/3 9:50,79.37,25.8,13.63,13.79
2022/3/3 10:50,79.39,25.89,13.45,13.74
2022/3/3 11:50,78.8,27.77,14.15,14.59
2022/3/3 12:50,78.72,26.52,13.8,15.04
2022/3/3 13:50,78.96,25.45,13.28,14.55
2022/3/3 14:50,79.11,25.13,12.93,14.1
2022/3/3 15:50,79.34,24.15,12.93,14.06
2022/3/3 16:50,79.73,24.51,12.93,14.06
2022/3/3 17:50,79.59,24.19,12.41,14.82
2022/3/3 18:50,78.9,25.18,12.41,13.38
2022/3/3 19:50,79.13,24.1,11.2,12.67
2022/3/3 20:50,78.74,23.97,11.03,12.36
2022/3/3 21:50,79.37,23.52,10.68,11.24
2022/3/3 22:50,78.69,24.24,11.37,11.46
2022/3/3 23:50,78.7,24.28,11.2,11.91
2022/3/4 0:50,78.01,25.13,11.55,12.13
2022/3/4 1:50,77.99,25.22,11.72,12.67
2022/3/4 2:50,78.23,24.55,11.03,12.67
2022/3/4 3:50,78.09,25.27,11.55,12.94
2022/3/4 4:50,78.01,25.45,11.72,12.8
2022/3/4 5:50,77.39,26.65,12.07,13.56
2022/3/4 6:50,77.39,27.41,12.24,14.01
2022/3/4 7:50,77.48,25.94,11.72,13.7
2022/3/4 8:50,77.92,26.79,12.07,13.12
2022/3/4 9:50,78.22,25.85,11.55,12.49
2022/3/4 10:50,78.67,26.03,11.89,12.53
2022/3/4 11:50,78.77,26.52,11.72,12
2022/3/4 12:50,78.81,25.54,11.55,12.27
2022/3/4 13:50,78.8,25.67,11.37,12.09
2022/3/4 14:50,78.8,25.27,11.89,13.07
2022/3/4 15:50,79.01,25.27,11.72,13.03
2022/3/4 16:50,79.1,26.43,12.41,13.12
2022/3/4 17:50,79.92,25.09,11.72,14.41
2022/3/4 18:50,79.32,26.03,12.24,14.01
2022/3/4 19:50,79.99,25.98,13.11,17.81
2022/3/4 20:50,80.04,24.95,12.24,14.73
2022/3/4 21:50,79.78,25.09,13.63,15.26
2022/3/4 22:50,78.67,25.63,13.11,14.06
2022/3/4 23:50,79.34,25.18,13.11,13.74
2022/3/5 0:50,79.42,24.73,12.76,13.74
2022/3/5 1:50,79.27,24.46,12.76,13.65
2022/3/5 2:50,77.91,26.74,13.97,14.14
2022/3/5 3:50,77.99,26.48,14.15,14.5
2022/3/5 4:50,78.12,26.56,13.97,14.64
2022/3/5 5:50,78.01,27.28,14.32,14.68
2022/3/5 6:50,77.58,28.62,14.15,14.28
2022/3/5 7:50,77.68,29.52,13.97,14.37
2022/3/5 8:50,78.56,27.5,12.93,13.7
2022/3/5 9:50,79.54,26.92,13.28,14.06
2022/3/5 10:50,80.17,25.09,12.41,13.97
2022/3/5 11:50,79.76,26.79,13.45,13.25
2022/3/5 12:50,80.85,24.15,12.41,12.53
2022/3/5 13:50,78.33,27.5,14.49,14.14
2022/3/5 14:50,78.94,26.43,13.28,13.61
2022/3/5 15:50,79.83,26.39,12.76,13.16
2022/3/5 16:50,80.03,24.69,12.07,12.45
2022/3/5 17:50,80.89,23.97,11.89,11.82
2022/3/5 18:50,80.67,25.36,11.89,11.95
2022/3/5 19:50,81.01,25.18,11.72,12.13
2022/3/5 20:50,81.35,24.73,11.55,12.18
2022/3/5 21:50,81.3,23.17,10.51,11.73
2022/3/5 22:50,81.74,22.14,10.16,11.46
2022/3/5 23:50,81.27,21.96,9.99,11.37
2022/3/6 0:50,79.82,24.73,11.2,12.31
2022/3/6 1:50,79.99,24.73,11.2,12.09
2022/3/6 2:50,79,26.74,12.07,12.22
2022/3/6 3:50,78.72,26.39,11.89,12.45
2022/3/6 4:50,79.29,25.67,11.03,12.13
2022/3/6 5:50,79.99,25.4,11.55,12.49
2022/3/6 6:50,79.92,24.95,11.55,12.36
2022/3/6 7:50,80.7,24.42,11.37,12.76
2022/3/6 8:50,81.16,22.99,10.85,12.76
2022/3/6 9:50,81.2,23.75,11.2,12.85
2022/3/6 10:50,81.83,22.63,10.51,12.94
2022/3/6 11:50,81.88,22.45,10.85,12.8
2022/3/6 12:50,82.07,21.65,10.16,12.8
2022/3/6 13:50,81.37,22.36,10.34,13.12
2022/3/6 14:50,81.15,22.45,10.16,13.47
2022/3/6 15:50,81.71,21.51,9.99,13.52
2022/3/6 16:50,81.74,21.56,9.82,13.25
2022/3/6 17:50,80.94,22.09,10.16,13.7
2022/3/6 18:50,80.88,22.76,9.99,13.61
2022/3/6 19:50,80.82,22.36,9.64,12.4
2022/3/6 20:50,80.86,22.14,9.64,11.95
2022/3/6 21:50,80.7,22.23,9.64,11.73
2022/3/6 22:50,80.48,22.32,9.82,12.09
2022/3/6 23:50,79.65,23.43,9.99,12.09
2022/3/7 0:50,79.92,23.12,10.16,11.91
2022/3/7 1:50,80.23,23.08,9.99,12.36
2022/3/7 2:50,79.14,24.37,10.34,12.22
2022/3/7 3:50,79.44,24.06,10.34,11.82
2022/3/7 4:50,79.17,24.15,10.51,12.13
2022/3/7 5:50,81.02,21.91,9.3,11.69
2022/3/7 6:50,80.13,23.17,9.99,12.04
2022/3/7 7:50,79.31,24.73,10.85,12.31
2022/3/7 8:50,79.87,23.93,9.82,11.01
2022/3/7 9:50,79.61,24.51,10.16,11.64
2022/3/7 10:50,79.63,24.55,10.16,11.91
2022/3/7 11:50,79.05,24.87,9.82,12.85
2022/3/7 12:50,78.73,25.98,10.34,14.82
2022/3/7 13:50,78.69,25.71,10.34,14.95
2022/3/7 14:50,77.32,26.34,10.51,15.49
2022/3/7 15:50,78.01,25.58,10.51,14.14
2022/3/7 16:50,78.79,24.24,9.82,12.85
2022/3/7 17:50,78.26,25.67,10.51,11.46
2022/3/7 18:50,78.97,25.04,10.51,11.33
2022/3/7 19:50,79.42,26.03,10.51,10.39
2022/3/7 20:50,78.97,25.54,11.03,10.12
2022/3/7 21:50,79.72,24.78,11.03,10.34
2022/3/7 22:50,79.76,24.87,11.03,10.16
2022/3/7 23:50,79.37,24.69,11.2,12.89
2022/3/8 0:50,79.61,23.84,10.85,12.53
2022/3/8 1:50,79.75,23.61,10.34,14.06
2022/3/8 2:50,78.11,25.18,11.2,14.19
2022/3/8 3:50,77.88,25.94,11.37,13.83
2022/3/8 4:50,78.49,25.13,11.37,13.3
2022/3/8 5:50,78.5,25.54,11.72,12.67
2022/3/8 6:50,78.14,25.58,11.72,12.4
2022/3/8 7:50,78.84,26.12,11.89,13.07
2022/3/8 8:50,80.24,24.37,11.72,14.1
2022/3/8 9:50,80.24,23.97,11.72,13.7
2022/3/8 10:50,79.38,23.93,11.37,13.21
2022/3/8 11:50,78.64,25.8,12.41,13.25
2022/3/8 12:50,78.53,24.91,11.72,14.06
2022/3/8 13:50,77.87,25.98,12.24,14.5
2022/3/8 14:50,77.48,26.16,11.89,13.92
2022/3/8 15:50,77.43,26.56,12.07,13.88
2022/3/8 16:50,77.5,25.94,12.07,13.83
2022/3/8 17:50,77.2,26.03,12.93,15.17
2022/3/8 18:50,77.73,25.13,12.59,16.74
2022/3/8 19:50,79.25,24.95,12.59,16.25
2022/3/8 20:50,79.31,23.84,12.76,15.84
2022/3/8 21:50,79.15,23.7,12.24,15.17
2022/3/8 22:50,78.38,24.64,12.41,14.73
2022/3/8 23:50,77.98,23.75,12.24,14.59
2022/3/9 0:50,78.21,25.04,13.28,15.17
2022/3/9 1:50,77.6,25.4,13.63,14.77
2022/3/9 2:50,78.21,24.02,12.59,14.86
2022/3/9 3:50,78.64,23.66,12.24,14.5
2022/3/9 4:50,79.11,23.48,11.89,14.14
2022/3/9 5:50,79,24.6,12.76,14.59
2022/3/9 6:50,78.96,24.95,13.45,15.31
2022/3/9 7:50,80.41,23.21,12.76,14.64
2022/3/9 8:50,80,23.3,13.28,15.44
2022/3/9 9:50,81.06,23.21,12.59,14.5
2022/3/9 10:50,81.68,22,12.24,14.32
2022/3/9 11:50,81.71,22.05,12.24,14.1
2022/3/9 12:50,80.43,23.26,12.76,14.41
2022/3/9 13:50,79.62,24.55,13.63,14.28
2022/3/9 14:50,79.52,24.46,12.93,13.88
2022/3/9 15:50,78.69,25.8,12.24,13.97
2022/3/9 16:50,78.4,24.82,11.37,12.58
2022/3/9 17:50,79.96,24.19,10.68,11.73
2022/3/9 18:50,79.31,26.03,10.85,14.59
2022/3/9 19:50,79.14,27.15,10.51,13.12
2022/3/9 20:50,79.38,25.36,9.99,11.95
2022/3/9 21:50,78.87,26.3,11.03,11.73
2022/3/9 22:50,77.68,27.77,11.72,13.61
2022/3/9 23:50,77.07,28.85,12.41,14.68
2022/3/10 0:50,77.06,28.17,11.89,15.35
2022/3/10 1:50,76.76,26.3,11.72,32.39
2022/3/10 2:50,74.53,27.24,12.41,39.23
2022/3/10 3:50,72.76,28.93,12.76,38.25
2022/3/10 4:50,72.49,28.89,12.76,36.46
2022/3/10 5:50,73.21,28.22,12.41,35.61
2022/3/10 9:50,75.56,27.55,12.24,28.5
2022/3/10 10:50,75.32,28.17,12.24,27.29
2022/3/10 11:50,76.4,28,12.24,22.42
2022/3/10 12:50,77.5,26.97,11.89,17.72
2022/3/10 13:50,78.46,26.3,12.93,14.77
2022/3/10 14:50,79.08,25,11.89,14.73
2022/3/10 15:50,78.98,25.49,12.24,13.74
2022/3/10 16:50,78.93,26.52,12.76,13.83
2022/3/10 17:50,79.78,25.36,12.24,14.77
2022/3/10 18:50,79.78,25.31,12.93,19.11
2022/3/10 19:50,79.69,24.95,12.59,20.5
2022/3/10 20:50,79.9,25.27,12.41,21.35
2022/3/10 21:50,80.24,23.7,11.72,19.6
2022/3/10 22:50,80.14,23.39,12.07,19.11
2022/3/10 23:50,80.33,23.3,12.07,18.84
2022/3/11 0:50,79.35,24.24,12.24,19.06
2022/3/11 1:50,79.63,23.57,11.89,18.62
2022/3/11 2:50,78.32,25.18,12.76,18.75
2022/3/11 3:50,78.35,25.27,13.11,17.59
2022/3/11 4:50,78.49,25.31,13.11,18.17
2022/3/11 5:50,79.58,24.55,12.59,18.35
2022/3/11 6:50,79.71,24.51,12.41,18.08
2022/3/11 7:50,79.97,24.6,13.63,18.3
2022/3/11 8:50,79.18,24.91,13.11,21.48
2022/3/11 9:50,79.35,24.82,13.28,21.61
2022/3/11 10:50,79.22,24.6,12.76,22.11
2022/3/11 11:50,79.68,23.79,12.07,19.56
2022/3/11 12:50,79.34,24.46,12.76,18.84
2022/3/11 13:50,78.94,24.28,12.07,16.11
2022/3/11 14:50,79,24.1,12.07,14.59
2022/3/11 15:50,78.96,23.97,12.24,14.55
2022/3/11 16:50,79,24.24,12.24,14.5
2022/3/11 17:50,78.4,25.13,13.11,12.53
2022/3/11 18:50,78.42,25.54,13.28,14.64
2022/3/11 19:50,78.6,24.87,13.45,14.82
2022/3/11 20:50,78.77,24.91,13.8,14.28
2022/3/11 21:50,79.03,24.15,12.59,14.99
2022/3/11 22:50,79.24,24.1,12.59,14.99
2022/3/11 23:50,79.46,23.52,12.24,14.68
2022/3/12 0:50,78.88,24.69,12.59,14.41
2022/3/12 1:50,78.66,24.6,12.41,14.23
2022/3/12 2:50,78.19,25.22,12.93,15.98
2022/3/12 3:50,77.71,25.45,13.11,16.16
2022/3/12 4:50,77.23,26.21,13.28,18.71
2022/3/12 5:50,77.85,26.61,13.11,17.01
2022/3/12 6:50,77.64,26.56,13.11,15.4
2022/3/12 7:50,78.18,27.95,13.28,15.31
2022/3/12 8:50,78.55,26.61,12.93,14.37
2022/3/12 9:50,79.93,24.87,12.59,14.41
2022/3/12 10:50,80.43,24.28,12.07,13.34
2022/3/12 11:50,80.61,23.61,11.72,12.94
2022/3/12 12:50,80.47,24.33,12.07,12.58
2022/3/12 13:50,80.68,23.03,11.55,12.94
2022/3/12 14:50,80.62,23.26,11.55,14.28
2022/3/12 15:50,80.47,23.48,11.55,14.41
2022/3/12 16:50,80.07,23.7,11.55,15.71
2022/3/12 17:50,80.43,22.76,10.85,13.74
2022/3/12 18:50,80.86,23.08,10.85,14.55
2022/3/12 19:50,80.34,23.88,11.89,13.61
2022/3/12 20:50,80.71,22.36,10.68,12.45
2022/3/12 21:50,79.87,23.43,10.85,12.8
2022/3/12 22:50,79.28,23.48,11.2,17.32
2022/3/12 23:50,79.1,23.97,11.37,16.74
2022/3/13 0:50,79.01,23.3,10.51,15.04
2022/3/13 1:50,79.51,22.63,10.16,14.1
2022/3/13 2:50,78.72,24.06,11.03,13.56
2022/3/13 3:50,78.47,24.42,11.03,13.83
2022/3/13 4:50,78.46,24.42,11.03,13.83
2022/3/13 5:50,79.25,23.61,10.16,13.97
2022/3/13 6:50,79.35,23.34,10.16,13.52
2022/3/13 7:50,79.46,23.61,9.99,13.16
2022/3/13 8:50,79.2,25,10.51,13.56
2022/3/13 9:50,79.59,23.26,9.82,11.95
2022/3/13 10:50,79.62,23.48,9.99,11.46
2022/3/13 11:50,79.03,23.66,9.99,12.04
2022/3/13 12:50,78.38,24.51,10.16,12.31
2022/3/13 13:50,78.6,23.93,10.51,12.94
2022/3/13 14:50,78.19,24.24,10.68,13.47
2022/3/13 15:50,77.87,24.78,11.03,13.52
2022/3/13 16:50,77.99,24.95,10.85,13.52
2022/3/13 17:50,79.05,26.07,10.51,13.07
2022/3/13 18:50,80.23,23.84,10.85,13.47
2022/3/13 19:50,80.06,24.19,11.2,13.12
2022/3/13 20:50,79.79,23.39,11.03,12.76
2022/3/13 21:50,79.62,23.88,11.03,13.65
2022/3/13 22:50,79.01,24.51,11.2,14.1
2022/3/13 23:50,78.84,24.02,11.03,14.5
2022/3/14 0:50,78.77,24.24,10.68,13.3
2022/3/14 1:50,79.76,23.17,10.51,12.49
2022/3/14 2:50,79.55,23.03,10.85,14.37
2022/3/14 3:50,79.44,22.76,10.85,14.32
2022/3/14 4:50,79.51,22.27,10.51,16.34
2022/3/14 5:50,79.22,22.99,10.16,14.01
2022/3/14 6:50,79.29,24.02,10.51,13.79
2022/3/14 7:50,78.83,24.02,11.03,14.06
2022/3/14 8:50,78.29,25.58,11.72,14.01
2022/3/14 9:50,78.57,25.27,11.72,13.74
2022/3/14 10:50,78.23,25.04,12.07,13.74
2022/3/14 11:50,79.05,23.93,11.55,13.79
2022/3/14 12:50,78.96,24.33,11.89,13.88
2022/3/14 13:50,78.57,24.42,12.07,13.65
2022/3/14 14:50,78.29,24.1,12.07,13.16
2022/3/14 15:50,78.45,24.46,12.41,12.85
2022/3/14 16:50,78.55,23.93,12.41,12.89
2022/3/14 17:50,80.07,24.1,12.07,12.22
2022/3/14 18:50,80.19,24.33,12.24,13.43
2022/3/14 19:50,80.1,23.48,12.07,13.12
2022/3/14 20:50,79.49,23.66,12.24,14.06
2022/3/14 21:50,78.45,25,12.76,13.88
2022/3/14 22:50,78.04,25.33,11.98,13.54
2022/3/14 23:50,78.5,24.95,12.59,12.89
2022/3/15 0:50,78.86,25.04,12.41,13.79
2022/3/15 1:50,78.91,24.42,12.07,14.5
2022/3/15 2:50,79.38,24.42,12.07,14.5
2022/3/15 3:50,79.29,24.42,11.89,13.07
2022/3/15 4:50,78.87,24.95,12.07,12.58
2022/3/15 5:50,79.03,23.61,10.85,12.36
2022/3/15 6:50,79,25.18,11.2,11.1
2022/3/15 7:50,78.62,26.25,11.2,11.33
2022/3/15 8:50,78.74,25.45,10.85,11.15
2022/3/15 9:50,78.73,26.3,11.37,11.19
2022/3/15 10:50,79.14,25.67,12.47,10.7
2022/3/15 11:50,79,25.45,11.37,10.25
2022/3/15 12:50,78.86,25.71,11.55,10.79
2022/3/15 13:50,78.59,25.36,11.37,11.69
2022/3/15 14:50,78.6,24.73,10.85,13.07
2022/3/15 15:50,77.73,26.12,11.37,14.01
2022/3/15 16:50,77.71,26.34,11.55,14.32
2022/3/15 17:50,78.69,24.55,10.51,15.67
2022/3/15 18:50,79.28,25.18,11.03,15.84
2022/3/15 19:50,78.49,25.89,11.2,13.83
2022/3/15 20:50,78.43,26.21,10.85,13.12
2022/3/15 21:50,78.05,25.76,11.2,12.76
2022/3/15 22:50,78.08,25.58,11.55,12.85
2022/3/15 23:50,78.18,25.45,11.37,12.62
2022/3/16 0:50,77.75,25.58,11.72,13.38
2022/3/16 1:50,77.61,26.52,12.24,13.83
2022/3/16 2:50,78.04,26.07,11.89,14.06
2022/3/16 3:50,78.43,25.85,11.72,13.83
2022/3/16 4:50,78.73,26.03,11.89,13.56
2022/3/16 5:50,80.62,25.8,10.51,12.27
2022/3/16 6:50,80.07,24.82,10.16,11.86
2022/3/16 7:50,79.34,26.97,10.16,12
2022/3/16 8:50,79.51,26.3,10.34,11.37
2022/3/16 9:50,79.85,25.89,10.16,10.75
2022/3/16 10:50,79.86,25.71,10.16,10.75
2022/3/16 11:50,79.92,24.33,9.82,11.46
2022/3/16 12:50,79.08,25.8,10.85,14.73
2022/3/16 13:50,79.01,24.73,10.34,16.2
2022/3/16 14:50,78.79,25.8,10.68,16.74
2022/3/16 15:50,78.57,25.94,11.03,17.01
2022/3/16 16:50,78.86,26.16,10.85,15.98
2022/3/16 17:50,79.51,24.91,9.99,17.41
2022/3/16 18:50,79.48,25.13,10.68,17.28
2022/3/16 19:50,80.78,23.08,10.51,16.87
2022/3/16 20:50,80.68,23.21,10.68,16.96
2022/3/16 21:50,79.97,23.93,9.99,15.31
2022/3/16 22:50,79.49,24.37,10.16,14.64
2022/3/16 23:50,79.44,24.6,9.99,14.01
2022/3/17 0:50,79.13,24.64,10.16,13.52
2022/3/17 1:50,79.46,23.97,10.51,17.9
2022/3/17 2:50,79.68,23.7,9.99,18.57
2022/3/17 3:50,79.54,23.57,10.34,18.84
2022/3/17 4:50,79.37,24.1,10.51,17.19
2022/3/17 5:50,78.86,25.09,11.2,13.56
2022/3/17 6:50,78.18,25.71,11.55,15.13
2022/3/17 7:50,78.33,26.48,11.37,14.28
2022/3/17 8:50,78.64,26.48,12.24,13.92
2022/3/17 9:50,79.51,24.82,11.89,13.21
2022/3/17 10:50,79.54,25.09,11.89,14.32
2022/3/17 11:50,79.71,24.51,11.37,13.16
2022/3/17 12:50,79.18,24.51,11.2,13.88
2022/3/17 13:50,79.52,24.28,10.85,13.88
2022/3/17 14:50,78.45,25.13,11.55,14.14
2022/3/17 15:50,78.42,25,11.37,14.68
2022/3/17 16:50,78.4,24.87,11.2,14.55
2022/3/17 17:50,78.8,24.37,11.2,14.01
2022/3/17 18:50,78.79,25.94,11.2,14.68
2022/3/17 19:50,79.08,24.28,11.89,15.84
2022/3/17 20:50,79.59,22.9,11.72,16.2
2022/3/17 21:50,79.01,23.79,12.07,15.62
2022/3/17 22:50,77.84,24.46,12.24,15.53
2022/3/17 23:50,77.95,24.42,12.07,15.31
2022/3/18 0:50,78.23,25.13,12.24,15.58
2022/3/18 1:50,78.21,25.22,12.41,15.22
2022/3/18 2:50,78.45,24.78,12.24,15.17
2022/3/18 3:50,78.53,24.73,11.72,14.82
2022/3/18 4:50,78.73,24.73,11.89,14.59
2022/3/18 5:50,78.35,25.45,11.89,14.55
2022/3/18 6:50,77.39,26.21,12.76,15.62
2022/3/18 7:50,76.95,27.82,12.93,17.41
2022/3/18 8:50,78.12,26.16,12.41,15.71
2022/3/18 9:50,78.94,24.95,12.41,14.37
2022/3/18 10:50,78.76,24.73,11.72,14.73
2022/3/18 11:50,79.35,24.19,11.72,13.65
2022/3/18 12:50,79.35,24.46,12.41,14.99
2022/3/18 13:50,80.02,23.57,11.72,15.71
2022/3/18 14:50,79.39,23.84,12.24,17.23
2022/3/18 15:50,78.84,24.33,11.72,16.38
2022/3/18 16:50,78.31,25.27,12.07,16.25
2022/3/18 17:50,78.21,25.71,13.11,14.82
2022/3/18 18:50,78.4,27.19,13.97,15.62
2022/3/18 19:50,78.83,26.83,14.49,18.26
2022/3/18 20:50,79.07,26.21,14.32,17.9
2022/3/18 21:50,79.73,24.95,13.63,16.38
2022/3/18 22:50,79.33,25.02,12.85,15.08
2022/3/18 23:50,79.68,24.87,13.63,15.67
2022/3/19 0:50,79.79,24.15,12.76,14.77
2022/3/19 1:50,79.38,24.46,12.76,14.55
2022/3/19 2:50,79.86,23.34,12.07,14.82
2022/3/19 3:50,79.72,23.66,11.72,14.99
2022/3/19 4:50,79.34,23.84,11.72,15.26
2022/3/19 5:50,78.59,26.16,12.07,15.89
2022/3/19 6:50,78.74,25.85,11.89,15.17
2022/3/19 7:50,79.37,24.91,11.37,17.99
2022/3/19 8:50,78.86,26.07,12.07,20.18
2022/3/19 9:50,78.57,25.76,11.55,17.54
2022/3/19 10:50,78.63,25.54,11.37,15.08
2022/3/19 12:27,78.33,25.63,11.2,13.97
2022/3/19 12:50,78.25,25.31,11.2,13.88
2022/3/19 13:50,78.12,25.76,11.37,14.28
2022/3/19 14:50,78.21,25.54,11.03,13.65
2022/3/19 15:50,77.98,25.22,10.85,13.12
2022/3/19 16:50,77.8,26.21,11.55,12.8
2022/3/19 17:50,79.65,24.69,11.72,14.59
2022/3/19 18:50,79.52,25.31,11.89,14.32
2022/3/19 19:50,80.5,24.42,12.07,14.55
2022/3/19 20:50,80.44,24.37,12.07,14.5
2022/3/19 21:50,79.9,24.19,11.89,14.41
2022/3/19 22:50,79.69,24.19,12.07,14.14
2022/3/19 23:50,79.35,24.55,11.89,13.92
2022/3/20 0:50,78.74,24.6,11.72,13.65
2022/3/20 1:50,78.4,24.73,11.72,13.7
2022/3/20 2:50,78.98,24.28,11.37,13.56
2022/3/20 3:50,79.27,24.1,11.2,12.71
2022/3/20 4:50,79.21,24.33,11.2,13.3
2022/3/20 5:50,79.61,24.51,11.37,12.85
2022/3/20 6:50,79.03,24.69,11.2,12.49
2022/3/20 7:50,78.52,25.98,10.85,13.38
2022/3/20 8:50,79,24.73,10.85,13.12
2022/3/20 9:50,78.81,24.46,10.51,12.18
2022/3/20 10:50,78.96,24.55,10.68,11.77
2022/3/20 11:50,79.27,24.51,10.34,11.24
2022/3/20 12:50,79.15,24.02,10.16,11.1
2022/3/20 13:50,78.45,25.27,10.85,11.46
2022/3/20 14:50,77.61,25.98,11.37,11.64
2022/3/20 15:50,77.81,26.3,11.72,11.69
2022/3/20 16:50,77.32,25.71,11.2,11.86
2022/3/20 17:50,77.84,26.03,10.85,12.18
2022/3/20 18:50,77.88,27.06,11.2,15.22
2022/3/20 19:50,78.5,25.45,11.37,17.54
2022/3/20 20:50,78.76,24.06,10.68,17.99
2022/3/20 21:50,78.28,24.42,11.03,16.78
2022/3/20 22:50,78.52,24.37,10.51,15.75
2022/3/20 23:50,78.38,24.15,10.51,14.55
2022/3/21 0:50,77.94,24.1,10.51,14.19
2022/3/21 1:50,78.52,23.7,10.34,13.79
2022/3/21 2:50,77.64,24.78,10.51,14.1
2022/3/21 3:50,77.37,25.22,10.85,14.5
2022/3/21 4:50,77.47,26.12,11.2,16.96
2022/3/21 5:50,76.86,26.25,11.81,16.16
2022/3/21 7:50,77.84,26.39,12.07,16.78
2022/3/21 8:50,78.62,26.25,12.07,15.31
2022/3/21 9:50,78.55,24.82,11.37,16.25
2022/3/21 10:50,78.63,24.1,11.72,28.23
2022/3/21 11:50,79.18,23.43,11.55,25.41
2022/3/21 12:50,78.66,23.08,11.03,23
2022/3/21 13:50,78.02,24.28,11.2,23.27
2022/3/21 14:50,77.5,25.09,11.55,22.15
2022/3/21 15:50,77.57,24.19,10.68,17.95
2022/3/21 16:50,78.53,26.12,10.85,14.73
2022/3/21 17:50,79.39,24.64,10.68,14.41
2022/3/21 18:50,79.89,23.84,10.68,14.46
2022/3/21 19:50,80.68,23.3,11.03,14.06
2022/3/21 20:50,80.64,22.49,10.51,12.76
2022/3/21 21:50,80.1,22.49,9.99,12.31
2022/3/21 22:50,79.68,22.54,9.82,12
2022/3/21 23:50,79.01,23.17,9.99,12.36
2022/3/22 0:50,78.86,24.06,10.68,12.36
2022/3/22 1:50,78.39,23.75,10.34,12.45
2022/3/22 2:50,79.38,25.94,13.45,11.06
2022/3/22 3:50,78.01,24.82,11.03,12.71
2022/3/22 4:50,78.38,24.78,11.03,12.27
2022/3/22 5:50,78.45,24.69,11.72,12.49
2022/3/22 6:50,78.69,25.13,11.55,12.8
2022/3/22 7:50,79,24.82,11.72,13.79
2022/3/22 8:50,79.52,23.84,11.03,13.07
2022/3/22 9:50,79.87,23.66,10.85,13.21
2022/3/22 10:50,79.66,23.3,11.37,13.07
2022/3/22 11:50,78.72,23.93,11.37,12.94
2022/3/22 12:50,77.97,24.78,11.2,13.43
2022/3/22 13:50,77.6,24.69,11.2,12.53
2022/3/22 14:50,77.78,24.87,11.55,12.58
2022/3/22 15:50,78.57,24.19,11.55,12.31
2022/3/22 16:50,78.62,24.42,12.07,12.18
2022/3/22 17:50,78.81,23.93,11.55,13.52
2022/3/22 18:50,78.31,25.45,12.07,13.43
2022/3/22 19:50,78.43,24.73,11.89,12.98
2022/3/22 20:50,78.18,24.73,11.55,12.58
2022/3/22 21:50,77.75,25.36,11.72,13.07
2022/3/22 22:50,76.89,26.07,11.89,13.25
2022/3/22 23:50,76.57,25.85,12.24,22.55
2022/3/23 0:50,79.05,24.37,11.72,16.47
2022/3/23 1:50,79.05,23.75,11.03,15.26
2022/3/23 2:50,78.14,25.49,11.89,15.22
2022/3/23 3:50,77.84,25.58,11.72,14.73
2022/3/23 4:50,78.25,24.78,11.72,14.91
2022/3/23 5:50,78.42,24.51,11.55,14.99
2022/3/23 6:50,78.67,23.97,11.55,15.26
2022/3/23 7:50,79.99,23.7,11.2,14.99
2022/3/23 8:50,80.55,23.39,11.55,14.68
2022/3/23 9:50,80.47,23.34,11.72,14.82
2022/3/23 10:50,81.27,22.58,11.37,14.19
2022/3/23 11:50,80.99,22.41,11.2,13.83
2022/3/23 12:50,81.39,21.69,10.68,13.43
2022/3/23 13:50,80.04,22.94,11.03,13.74
2022/3/23 14:50,78.46,24.37,11.55,14.23
2022/3/23 15:50,77.36,26.03,12.07,14.86
2022/3/23 16:50,76.44,27.01,12.41,15.31
2022/3/23 17:50,75.35,28.44,13.28,16.6
2022/3/23 18:50,75.93,28.26,13.63,15.89
2022/3/23 19:50,76.61,27.5,13.63,16.25
2022/3/23 20:50,76.83,27.06,13.8,16.11
2022/3/23 21:50,78.02,25.85,13.63,15.49
2022/3/23 22:50,78.35,25,13.11,15.44
2022/3/23 23:50,78.64,24.42,12.59,14.77
2022/3/24 0:50,78.91,24.28,12.24,14.23
2022/3/24 1:50,78.9,24.33,12.24,14.1
2022/3/24 2:50,78.59,24.78,12.24,13.12
2022/3/24 3:50,78.39,24.55,12.07,12.85
2022/3/24 4:50,78.21,24.87,12.07,13.3
2022/3/24 5:50,77.34,25.09,11.72,12.89
2022/3/24 6:50,77.97,24.42,12.07,13.7
2022/3/24 7:50,78.49,27.06,11.89,13.83
2022/3/24 8:50,78.94,23.84,11.89,12.76
2022/3/24 9:50,79.14,23.21,11.37,12.62
2022/3/24 10:50,79.11,23.48,11.72,12.45
2022/3/24 11:50,78.46,24.28,12.41,12.67
2022/3/24 12:50,78.69,23.3,11.37,12.53
2022/3/24 13:50,78.74,24.02,11.89,12.4
2022/3/24 14:50,78.56,23.57,11.89,13.16
2022/3/24 15:50,78.8,23.75,12.07,13.83
2022/3/24 16:50,78.94,22.72,11.2,14.59
2022/3/24 17:50,80.2,21.82,9.99,13.03
2022/3/24 18:50,80.12,22.27,11.03,14.28
2022/3/24 19:50,81.52,20.93,10.16,15.44
2022/3/24 20:50,81.56,20.35,9.99,15.75
2022/3/24 21:50,81.63,19.45,9.47,15.31
2022/3/24 22:50,81.39,20.39,9.64,14.95
2022/3/24 23:50,80.58,20.57,9.47,13.97
2022/3/25 0:50,79.66,22.23,9.82,14.28
2022/3/25 1:50,79.58,22.45,10.34,13.7
2022/3/25 2:50,79.58,22.36,10.16,13.79
2022/3/25 3:50,80,21.78,9.64,13.43
2022/3/25 4:50,79.71,22.18,9.64,15.17
2022/3/25 5:50,79.83,23.52,11.2,15.93
2022/3/25 6:50,79.05,24.02,11.2,15.04
2022/3/25 7:50,80.06,23.97,10.85,14.55
2022/3/25 8:50,79.68,24.02,10.68,13.88
2022/3/25 9:50,79.24,24.15,10.51,13.7
2022/3/25 10:50,80.09,23.17,10.16,12.76
2022/3/25 11:50,79.32,24.28,10.68,13.52
2022/3/25 12:50,79.18,23.88,10.34,12.89
2022/3/25 13:50,78.29,24.46,11.03,13.83
2022/3/25 14:50,78.6,24.37,10.85,12.89
2022/3/25 15:50,77.89,25.27,11.2,13.25
2022/3/25 16:50,77.2,25.89,11.72,13.97
2022/3/25 17:50,78.79,25.71,11.72,12.8
2022/3/25 18:50,80.03,26.7,11.55,14.01
2022/3/25 19:50,80.19,24.82,11.89,13.92
2022/3/25 20:50,79.54,24.6,11.37,13.3
2022/3/25 21:50,78.22,25.54,11.55,14.73
2022/3/25 22:50,77.67,25.89,11.72,14.46
2022/3/25 23:50,77.5,25.4,10.85,13.16
2022/3/26 0:50,77.81,25.67,11.55,12.36
2022/3/26 1:50,78.14,25.63,11.72,12.31
2022/3/26 2:50,78.42,25.09,11.55,12.36
2022/3/26 3:50,78.26,24.87,11.55,12.31
2022/3/26 4:50,78.83,24.37,11.2,12.49
2022/3/26 5:50,79.52,25.04,11.03,12.09
2022/3/26 6:50,79.35,24.55,10.51,12.27
2022/3/26 7:50,79.07,25.27,10.68,12.36
2022/3/26 8:50,79.25,25.45,11.03,12.22
2022/3/26 9:50,79.25,25.45,11.2,12.67
2022/3/26 10:50,79.08,25.13,11.03,13.52
2022/3/26 11:50,79.58,23.93,10.34,12.58
2022/3/26 12:50,79.45,24.78,11.2,12.49
2022/3/26 13:50,78.77,25.54,11.55,12.67
2022/3/26 14:50,79.31,24.42,10.85,11.64
2022/3/26 15:50,79.1,25.36,11.55,11.73
2022/3/26 16:50,79.07,25.09,11.55,11.37
2022/3/26 17:50,79.83,23.97,11.2,10.79
2022/3/26 18:50,79.66,25.04,10.85,11.33
2022/3/26 19:50,80.71,24.69,11.03,11.33
2022/3/26 20:50,80.67,23.52,10.51,10.66
2022/3/26 21:50,80.94,22.76,10.68,11.1
2022/3/26 22:50,80.47,22.94,10.16,10.88
2022/3/26 23:50,79.92,23.08,9.64,10.97
2022/3/27 0:50,79.68,23.12,10.16,11.15
2022/3/27 1:50,79.48,23.48,10.34,11.37
2022/3/27 2:50,79.31,23.52,10.85,11.69
2022/3/27 3:50,79.24,23.7,10.85,11.86
2022/3/27 4:50,79.05,24.24,10.85,11.42
2022/3/27 5:50,79.75,22.99,10.34,11.19
2022/3/27 6:50,79.69,24.42,11.03,12.45
2022/3/27 7:50,79.49,25.27,10.85,13.38
2022/3/27 8:50,79.31,25.13,11.2,13.21
2022/3/27 9:50,78.01,25.45,11.03,12.89
2022/3/27 10:50,78.35,25.27,11.03,12.58
2022/3/27 11:50,78.66,24.73,10.68,12.58
2022/3/27 12:50,78.66,25.04,11.03,12.76
2022/3/27 13:50,79.51,23.26,10.51,12.45
2022/3/27 14:50,79.69,23.52,10.85,12.49
2022/3/27 15:50,79.27,24.78,11.37,12.53
2022/3/27 16:50,79.11,24.64,11.55,12.71
2022/3/27 17:50,78.74,25.58,11.55,13.65
2022/3/27 18:50,78.79,26.12,11.72,13.61
2022/3/27 19:50,78.91,24.95,11.2,13.47
2022/3/27 20:50,78.23,25.76,11.55,13.07
2022/3/27 21:50,78.73,24.24,10.68,12.94
2022/3/27 22:50,79.11,23.75,10.51,12.53
2022/3/27 23:50,79.59,23.34,10.34,12.62
2022/3/28 0:50,79.75,23.21,9.99,12.22
2022/3/28 1:50,79.89,23.34,9.99,12
2022/3/28 2:50,79.38,23.79,10.51,12.45
2022/3/28 3:50,79.27,24.19,10.85,12.45
2022/3/28 4:50,79.35,24.19,10.51,12.18
2022/3/28 5:50,78.98,24.33,10.68,13.3
2022/3/28 6:50,79.07,24.6,10.85,13.16
2022/3/28 7:50,79.34,25.89,11.2,13.3
2022/3/28 8:50,80.06,24.55,10.85,13.16
2022/3/28 9:50,80.04,24.37,10.51,13.25
2022/3/28 10:50,79.59,24.51,10.34,13.16
2022/3/28 11:50,78.84,24.33,10.85,14.28
2022/3/28 12:50,79.08,24.42,10.68,13.3
2022/3/28 13:50,78.74,24.46,10.51,13.61
2022/3/28 14:50,78.97,25,11.03,12.31
2022/3/28 15:50,78.72,24.55,11.03,12.58
2022/3/28 16:50,79.41,24.37,11.03,12.4
2022/3/28 17:50,80.36,23.43,10.68,12.53
2022/3/28 18:50,80.55,25.76,10.51,12.45
2022/3/28 19:50,80.62,23.26,9.99,11.95
2022/3/28 20:50,80.57,23.26,9.82,11.46
2022/3/28 21:50,80.75,22.85,9.82,11.77
2022/3/28 22:50,79.37,23.7,10.34,12.98
2022/3/28 23:50,78.9,24.19,10.51,13.16
2022/3/29 0:50,78.35,24.55,10.34,12.8
2022/3/29 1:50,77.43,24.91,10.51,12.67
2022/3/29 2:50,76.85,25.09,11.03,13.03
2022/3/29 3:50,77.07,25.31,11.2,13.21
2022/3/29 4:50,77.34,25.09,11.55,14.06
2022/3/29 5:50,78.86,24.55,11.2,13.79
2022/3/29 6:50,79.34,22.99,10.85,13.03
2022/3/29 7:50,80.07,23.26,11.03,13.16
2022/3/29 8:50,80.03,23.57,10.85,13.65
2022/3/29 9:50,80.16,22.85,11.03,13.47
2022/3/29 10:50,78.96,23.52,11.03,12.8
2022/3/29 11:50,78.93,23.17,10.68,12.53
2022/3/29 12:50,78.45,23.97,11.2,12.36
2022/3/29 13:50,78.35,24.64,11.55,12.76
2022/3/29 14:50,78.16,24.69,11.2,12.36
2022/3/29 15:50,78.56,24.82,11.55,12.18
2022/3/29 16:50,78.25,24.42,11.55,12.18
2022/3/29 17:50,79.1,23.97,11.03,12.18
2022/3/29 18:50,78.86,25.36,10.85,12.4
2022/3/29 19:50,78.62,25.04,11.2,12.27
2022/3/29 20:50,78.63,24.55,11.03,12.22
2022/3/29 21:50,79.65,24.33,11.55,12.31
2022/3/29 22:50,79.2,24.15,11.2,12.22
2022/3/29 23:50,79.29,24.28,11.03,12.4
2022/3/30 0:50,79.15,24.24,10.85,11.77
2022/3/30 1:50,79.01,24.24,10.51,11.73
2022/3/30 2:50,78.77,24.69,10.68,12
2022/3/30 3:50,78.87,24.73,10.85,11.86
2022/3/30 4:50,78.84,24.6,10.68,12.49
2022/3/30 5:50,77.68,26.43,11.55,12.04
2022/3/30 6:50,77.77,26.56,11.37,12.31
2022/3/30 7:50,78.11,26.16,11.55,15.44
2022/3/30 8:50,78.59,25.54,11.72,13.61
2022/3/30 9:50,79.49,24.06,11.2,12.71
2022/3/30 10:50,79.54,23.88,10.85,11.95
2022/3/30 11:50,79.71,24.1,11.03,12
2022/3/30 12:50,79.39,23.88,11.03,12.04
2022/3/30 13:50,79.25,23.75,10.68,12.31
2022/3/30 14:50,78.81,24.15,11.55,12.36
2022/3/30 15:50,78.97,23.66,10.68,12.04
2022/3/30 16:50,79.2,23.43,10.51,12.04
2022/3/30 17:50,78.98,25,11.37,13.03
2022/3/30 18:50,78.28,25.76,11.03,12.4
2022/3/30 19:50,78.36,24.95,11.03,12.8
2022/3/30 20:50,78.12,24.95,11.03,12.36
2022/3/30 21:50,77.91,25.54,11.72,12.27
2022/3/30 22:50,77.73,25.67,12.07,12.22
2022/3/30 23:50,77.71,25.85,12.24,12.45
2022/3/31 0:50,78.49,25.36,11.89,12.49
2022/3/31 1:50,78.64,24.91,12.24,12.76
2022/3/31 2:50,78.55,25.31,12.41,12.85
2022/3/31 3:50,78.87,24.51,11.89,12.8
2022/3/31 4:50,79.21,24.24,11.89,12.27
2022/3/31 5:50,79.8,23.88,10.51,11.15
2022/3/31 6:50,80.02,23.48,10.68,11.33
2022/3/31 7:50,79.99,23.84,10.16,10.7
2022/3/31 8:50,79.93,24.87,10.51,11.06
2022/3/31 9:50,80.23,22.99,9.82,10.12
2022/3/31 10:50,80.64,22.14,9.3,10.12
2022/3/31 11:50,80.37,22.63,9.12,10.21
2022/3/31 12:50,80.33,22.23,8.95,9.9
2022/3/31 13:50,79.85,22.85,9.12,9.81
2022/3/31 14:50,79.62,23.12,9.3,9.9
2022/3/31 15:50,79.08,23.3,9.64,9.81
2022/3/31 16:50,78.32,23.79,9.12,9.18
2022/3/31 17:50,78.59,24.28,8.95,10.61
2022/3/31 18:50,78.57,24.15,8.95,9.58
2022/3/31 19:50,78.38,24.64,9.12,9.45
2022/3/31 20:50,78.18,24.1,8.95,9.4
2022/3/31 21:50,77.48,24.42,9.3,9.99
2022/3/31 22:50,77.2,25.27,9.64,10.79
2022/3/31 23:50,77.67,24.82,9.47,10.79
2022/4/1 0:50,77.91,24.64,9.3,10.75
2022/4/1 1:50,77.64,24.82,9.64,10.7
2022/4/1 2:50,77.36,25.45,10.16,11.24
2022/4/1 3:50,77.09,25.85,10.68,11.69
2022/4/1 4:50,76.81,26.07,10.51,11.73
2022/4/1 5:50,78.52,24.73,10.51,11.33
2022/4/1 6:50,78.81,24.87,10.51,11.19
2022/4/1 7:50,78.42,26.12,11.55,11.1
2022/4/1 8:50,78.93,26.07,11.72,10.92
2022/4/1 9:50,79.55,25.18,11.89,10.75
2022/4/1 10:50,79.29,24.6,11.72,11.24
2022/4/1 11:50,79.37,23.61,10.85,11.01
2022/4/1 12:50,79.08,24.69,11.03,11.15
2022/4/1 13:50,78.9,23.88,10.34,11.42
2022/4/1 14:50,78.7,24.64,11.2,11.33
2022/4/1 15:50,79.04,24.73,10.85,11.64
2022/4/1 16:50,78.9,24.6,10.68,10.88
2022/4/1 17:50,80.06,22.94,10.16,10.43
2022/4/1 18:50,80.26,24.06,11.72,10.57
2022/4/1 19:50,80.36,23.12,11.2,9.81
2022/4/1 20:50,80.17,23.39,11.2,10.03
2022/4/1 21:50,80.04,22.49,10.51,9.63
2022/4/1 22:50,82.93,20.35,9.99,9.63
2022/4/1 23:50,82.42,21.06,10.68,10.25
2022/4/2 0:50,79.05,23.93,10.85,10.57
2022/4/2 1:50,78.32,24.78,10.68,11.15
2022/4/2 2:50,78.14,24.73,10.51,10.61
2022/4/2 3:50,78.38,24.6,9.99,10.52
2022/4/2 4:50,78.14,24.64,10.51,10.7
2022/4/2 5:50,77.47,25.98,10.85,10.92
2022/4/2 6:50,77.07,26.48,11.03,10.92
2022/4/2 7:50,77.95,26.25,11.2,11.19
2022/4/2 8:50,78.23,25.54,11.2,10.84
2022/4/2 9:50,78.74,25.71,11.2,10.7
2022/4/2 10:50,77.77,26.56,11.89,11.01
2022/4/2 11:50,77.92,26.12,11.72,11.1
2022/4/2 12:50,78.39,25.22,11.2,10.92
2022/4/2 13:50,79.63,23.3,10.68,11.55
2022/4/2 14:50,79.11,24.69,11.37,10.84
2022/4/2 15:50,79.97,24.19,11.03,10.84
2022/4/2 16:50,79.89,23.79,11.03,10.75
2022/4/2 17:50,80.37,23.43,10.68,10.43
2022/4/2 18:50,80.3,23.84,10.85,10.88
2022/4/2 19:50,80.34,23.52,10.85,10.88
2022/4/2 20:50,79.97,24.06,10.68,10.7
2022/4/2 21:50,78.84,23.88,11.37,10.97
2022/4/2 22:50,78.18,24.37,11.89,11.37
2022/4/2 23:50,78.29,24.28,12.07,11.19
2022/4/3 0:50,78.49,24.28,12.07,10.97
2022/4/3 1:50,78.46,24.64,12.41,11.1
2022/4/3 2:50,78.29,24.42,12.07,10.84
2022/4/3 3:50,78.5,24.19,12.07,10.88
2022/4/3 4:50,78.14,24.55,12.24,10.88
2022/4/3 5:50,79.78,24.42,11.03,10.88
2022/4/3 6:50,80.23,22.58,10.68,10.43
2022/4/3 7:50,79.71,23.88,10.85,10.75
2022/4/3 8:50,79.8,22.49,10.16,9.99
2022/4/3 9:50,79.82,22.9,10.16,10.52
2022/4/3 10:50,78.74,24.06,11.03,10.39
2022/4/3 11:50,78.55,24.73,11.2,10.39
2022/4/3 12:50,78.36,24.02,10.85,10.61
2022/4/3 13:50,78.14,24.55,11.03,10.57
2022/4/3 14:50,77.91,25.04,10.68,10.43
2022/4/3 15:50,77.94,24.51,11.2,10.52
2022/4/3 16:50,77.98,25.22,11.03,10.48
2022/4/3 17:50,79.76,23.48,10.68,10.48
2022/4/3 18:50,78.57,24.51,10.85,11.64
2022/4/3 19:50,78.6,24.28,10.85,13.47
2022/4/3 21:50,78.09,25.31,11.55,13.79
2022/4/3 21:54,78.64,23.84,10.85,13.3
2022/4/3 22:50,77.91,25.09,11.89,15.44
2022/4/3 23:50,78.32,24.69,11.37,14.99
2022/4/4 0:50,79.05,24.06,11.2,12.22
2022/4/4 1:50,78.62,24.28,10.85,11.24
2022/4/4 2:50,78.96,23.84,10.85,10.25
2022/4/4 3:50,79.41,23.34,10.51,10.12
2022/4/4 4:50,79.69,23.34,10.85,9.99
2022/4/4 5:50,80.38,23.79,11.2,9.99
2022/4/4 6:50,78.94,24.46,11.2,11.24
2022/4/4 7:50,77.95,25.85,11.55,12.04
2022/4/4 8:50,78.26,25.85,11.72,12.8
2022/4/4 9:50,79.38,25.33,11.98,12.78
2022/4/4 11:50,79.61,24.19,11.55,11.91
2022/4/4 12:50,79.52,24.82,11.55,12.04
2022/4/4 13:50,79.11,24.87,11.89,12.04
2022/4/4 14:50,79.62,24.02,11.37,12.18
2022/4/4 16:50,79.23,24.37,11.55,12.36
2022/4/4 17:50,78.94,25,12.24,12.4
2022/4/4 18:50,79.08,25.85,12.76,11.91
2022/4/4 19:50,79.39,25.49,12.41,11.86
2022/4/4 20:50,80.13,24.28,12.59,11.42
2022/4/4 21:50,80.34,23.34,12.07,11.37
2022/4/4 22:50,80.2,23.88,12.93,11.6
2022/4/4 23:50,80.04,23.79,12.76,11.77
2022/4/5 0:50,78.53,24.24,12.41,11.73
2022/4/5 1:50,78.45,24.28,12.24,11.6
2022/4/5 2:50,78.32,24.46,11.89,11.55
2022/4/5 3:50,78.62,23.61,11.37,11.51
2022/4/5 4:50,79.24,23.03,11.03,11.06
2022/4/5 5:50,79.35,24.37,11.37,11.37
2022/4/5 6:50,78.87,24.06,11.2,10.88
2022/4/5 7:50,79.27,23.84,11.03,12.8
2022/4/5 8:50,79.75,23.66,11.37,12.31
2022/4/5 9:50,79.72,22.41,10.51,11.06
2022/4/5 10:50,79.41,23.08,10.68,10.88
2022/4/5 11:50,79.17,23.93,11.03,10.52
2022/4/5 12:50,78.93,22.99,10.51,10.48
2022/4/5 13:50,78.88,24.28,10.68,10.03
2022/4/5 14:50,78.47,24.51,11.03,10.57
2022/4/5 15:50,78.19,25.36,11.2,10.7
2022/4/5 16:50,78.5,24.06,11.55,10.7
2022/4/5 17:50,79.56,23.03,10.68,10.75
2022/4/5 18:50,79.63,23.84,11.03,11.33
2022/4/5 19:50,80,24.33,11.03,11.6
2022/4/5 20:50,80.13,23.66,10.85,11.42
2022/4/5 21:50,79.66,23.52,10.85,11.64
2022/4/5 22:50,79.61,22.99,10.68,11.28
2022/4/5 23:50,79.62,22.9,10.51,11.19
2022/4/6 0:50,79.39,22.94,9.99,11.1
2022/4/6 1:50,79.93,22.58,10.16,10.97
2022/4/6 2:50,79.44,23.34,10.34,10.84
2022/4/6 3:50,78.09,24.55,10.85,11.1
2022/4/6 4:50,77.64,25.4,11.03,11.37
2022/4/6 5:50,77.36,26.16,11.2,11.19
2022/4/6 6:50,77.97,25.18,11.2,11.46
2022/4/6 7:50,77.82,27.55,11.2,12.22
2022/4/6 8:50,78.12,25.98,11.55,12.13
2022/4/6 9:50,78.72,25.18,11.72,12.4
2022/4/6 10:50,79.93,24.06,11.2,11.95
2022/4/6 11:50,79.71,24.06,11.03,11.42
2022/4/6 12:50,76.81,25.04,10.85,11.51
2022/4/6 13:50,77.75,25.54,10.85,11.91
2022/4/6 14:50,77.97,25.54,11.2,12.27
2022/4/6 15:50,78.98,25.09,11.03,12.13
2022/4/6 16:50,79.59,24.69,10.34,11.28
2022/4/6 17:50,80.02,24.37,10.34,11.73
2022/4/6 18:50,80.2,25.18,10.68,12.49
2022/4/6 19:50,80.6,24.91,11.37,12
2022/4/6 20:50,80.04,24.95,11.2,11.64
2022/4/6 21:50,79.03,24.64,11.03,11.73
2022/4/6 22:50,79.21,25.04,10.68,11.73
2022/4/6 23:50,79.15,24.82,10.68,11.86
2022/4/7 0:50,78.87,24.69,10.85,12.09
2022/4/7 1:50,79.01,24.64,10.85,12.04
2022/4/7 2:50,79.03,24.82,11.03,12.49
2022/4/7 3:50,79.38,24.87,11.37,12.67
2022/4/7 4:50,79.48,25.09,11.2,12.89
2022/4/7 5:50,80.61,22.67,10.16,12.31
2022/4/7 6:50,80.36,23.52,10.51,13.21
2022/4/7 7:50,80.12,25.94,10.85,13.61
2022/4/7 8:50,78.46,25.54,11.72,13.56
2022/4/7 9:50,78.77,25.49,12.24,13.88
2022/4/7 10:50,79.18,24.91,11.89,13.7
2022/4/7 11:50,79.22,24.28,11.2,13.74
2022/4/7 12:50,78.4,25.22,11.37,14.1
2022/4/7 13:50,77.7,25.89,11.89,14.41
2022/4/7 14:50,78.22,25.22,11.2,14.37
2022/4/7 15:50,78.94,24.64,11.37,14.1
2022/4/7 16:50,79.15,23.75,11.03,14.1
2022/4/7 17:50,79.82,23.84,11.03,13.52
2022/4/7 18:50,78.98,25.36,11.37,12.85
2022/4/7 19:50,78.86,25.4,11.37,11.42
2022/4/7 20:50,79.1,25.58,11.37,11.55
2022/4/7 21:50,79.32,24.82,11.03,11.55
